condition,measure,seed,circumstance,outcome,pct_accepted,pct_rejected
fixed,cosine,1,work,-1.0208,0.1352,0.5435
fixed,cosine,1,home,-0.794,0.1528,0.4704
fixed,cosine,1,conference,-0.8125,0.1796,0.5046
fixed,cosine,10,work,-1.1944,0.112,0.5898
fixed,cosine,10,home,-0.8519,0.1472,0.488
fixed,cosine,10,conference,-0.6898,0.2037,0.4796
fixed,cosine,2,work,-1.1481,0.1213,0.5806
fixed,cosine,2,home,-0.8796,0.1407,0.4926
fixed,cosine,2,conference,-0.6782,0.1991,0.4704
fixed,cosine,3,work,-1.1481,0.1194,0.5787
fixed,cosine,3,home,-0.9005,0.1389,0.4991
fixed,cosine,3,conference,-0.6505,0.1852,0.4454
fixed,cosine,4,work,-1.2523,0.112,0.613
fixed,cosine,4,home,-0.7708,0.1611,0.4694
fixed,cosine,4,conference,-0.7106,0.1926,0.4769
fixed,cosine,5,work,-1.2361,0.1074,0.6019
fixed,cosine,5,home,-0.8264,0.1565,0.487
fixed,cosine,5,conference,-0.6088,0.2204,0.4639
fixed,cosine,6,work,-1.1366,0.1102,0.5648
fixed,cosine,6,home,-0.7963,0.1537,0.4722
fixed,cosine,6,conference,-0.6296,0.1935,0.4454
fixed,cosine,7,work,-1.1736,0.1204,0.5898
fixed,cosine,7,home,-0.8032,0.1556,0.4769
fixed,cosine,7,conference,-0.6296,0.2083,0.4602
fixed,cosine,8,work,-1.0995,0.1287,0.5685
fixed,cosine,8,home,-0.9097,0.1343,0.4981
fixed,cosine,8,conference,-0.713,0.1972,0.4824
fixed,cosine,9,work,-1.162,0.1148,0.5796
fixed,cosine,9,home,-0.8356,0.1472,0.4815
fixed,cosine,9,conference,-0.5856,0.2102,0.4444
fixed,dot,1,work,-1.213,0.1287,0.6139
fixed,dot,1,home,-0.6134,0.1806,0.4259
fixed,dot,1,conference,-0.419,0.2296,0.3972
fixed,dot,10,work,-1.2616,0.1259,0.6306
fixed,dot,10,home,-0.6921,0.175,0.4519
fixed,dot,10,conference,-0.5463,0.2037,0.4222
fixed,dot,2,work,-1.2176,0.138,0.625
fixed,dot,2,home,-0.7477,0.1407,0.4398
fixed,dot,2,conference,-0.4491,0.2296,0.4093
fixed,dot,3,work,-1.2824,0.1231,0.6361
fixed,dot,3,home,-0.7199,0.1704,0.4583
fixed,dot,3,conference,-0.4144,0.2352,0.4009
fixed,dot,4,work,-1.3056,0.1148,0.637
fixed,dot,4,home,-0.6736,0.1759,0.4454
fixed,dot,4,conference,-0.5602,0.2028,0.4269
fixed,dot,5,work,-1.3287,0.1028,0.6343
fixed,dot,5,home,-0.7847,0.1667,0.4806
fixed,dot,5,conference,-0.3866,0.2306,0.3852
fixed,dot,6,work,-1.2569,0.1296,0.6324
fixed,dot,6,home,-0.6389,0.162,0.4176
fixed,dot,6,conference,-0.3935,0.237,0.3944
fixed,dot,7,work,-1.2986,0.113,0.6324
fixed,dot,7,home,-0.6644,0.1759,0.4417
fixed,dot,7,conference,-0.3704,0.2444,0.3926
fixed,dot,8,work,-1.3009,0.1176,0.638
fixed,dot,8,home,-0.669,0.1694,0.437
fixed,dot,8,conference,-0.419,0.2259,0.3935
fixed,dot,9,work,-1.2847,0.1231,0.637
fixed,dot,9,home,-0.6991,0.1731,0.4528
fixed,dot,9,conference,-0.3843,0.2204,0.3741
fixed,l1,1,work,-1.2338,0.1176,0.6111
fixed,l1,1,home,-1.0417,0.1269,0.5435
fixed,l1,1,conference,-1.0301,0.1463,0.5583
fixed,l1,10,work,-1.3403,0.0972,0.6333
fixed,l1,10,home,-1.1944,0.1241,0.6019
fixed,l1,10,conference,-1.0139,0.1537,0.5593
fixed,l1,2,work,-1.3148,0.0991,0.625
fixed,l1,2,home,-1.1713,0.1241,0.5926
fixed,l1,2,conference,-1.0648,0.1491,0.575
fixed,l1,3,work,-1.3634,0.0889,0.6343
fixed,l1,3,home,-1.1134,0.1315,0.5769
fixed,l1,3,conference,-0.9954,0.1648,0.563
fixed,l1,4,work,-1.3704,0.1056,0.6537
fixed,l1,4,home,-1.0972,0.1333,0.5722
fixed,l1,4,conference,-1.0856,0.1491,0.5833
fixed,l1,5,work,-1.3125,0.0954,0.6204
fixed,l1,5,home,-1.1528,0.1241,0.5852
fixed,l1,5,conference,-0.919,0.1806,0.5481
fixed,l1,6,work,-1.2986,0.1028,0.6222
fixed,l1,6,home,-1.1065,0.1333,0.5759
fixed,l1,6,conference,-1.0185,0.1602,0.5676
fixed,l1,7,work,-1.3079,0.0926,0.6157
fixed,l1,7,home,-1.1505,0.125,0.5852
fixed,l1,7,conference,-0.9769,0.1556,0.5463
fixed,l1,8,work,-1.1829,0.1222,0.5954
fixed,l1,8,home,-1.1551,0.1148,0.5769
fixed,l1,8,conference,-1.0671,0.1398,0.5667
fixed,l1,9,work,-1.3056,0.1065,0.6287
fixed,l1,9,home,-1.0579,0.1343,0.5574
fixed,l1,9,conference,-1.0046,0.1574,0.5593
masked,cosine,1,work,-0.5972,0.1815,0.4204
masked,cosine,1,home,-0.6296,0.1611,0.413
masked,cosine,1,conference,-0.6204,0.2019,0.45
masked,cosine,10,work,-0.7083,0.1528,0.4361
masked,cosine,10,home,-0.8171,0.1593,0.4861
masked,cosine,10,conference,-0.625,0.188,0.438
masked,cosine,2,work,-0.6273,0.1611,0.412
masked,cosine,2,home,-0.662,0.1546,0.4194
masked,cosine,2,conference,-0.6458,0.1917,0.45
masked,cosine,3,work,-0.6597,0.1537,0.4176
masked,cosine,3,home,-0.6713,0.1556,0.4241
masked,cosine,3,conference,-0.588,0.1981,0.4333
masked,cosine,4,work,-0.7593,0.15,0.4537
masked,cosine,4,home,-0.5671,0.1796,0.4065
masked,cosine,4,conference,-0.6505,0.1981,0.4583
masked,cosine,5,work,-0.7569,0.1528,0.4556
masked,cosine,5,home,-0.6134,0.1741,0.4194
masked,cosine,5,conference,-0.537,0.2287,0.4435
masked,cosine,6,work,-0.6389,0.1694,0.425
masked,cosine,6,home,-0.5833,0.163,0.3963
masked,cosine,6,conference,-0.6111,0.2,0.4444
masked,cosine,7,work,-0.6296,0.1694,0.4213
masked,cosine,7,home,-0.5486,0.175,0.3944
masked,cosine,7,conference,-0.6574,0.1935,0.4565
masked,cosine,8,work,-0.6505,0.1704,0.4306
masked,cosine,8,home,-0.6829,0.1602,0.4333
masked,cosine,8,conference,-0.6343,0.1963,0.45
masked,cosine,9,work,-0.6343,0.1574,0.4111
masked,cosine,9,home,-0.6458,0.1685,0.4269
masked,cosine,9,conference,-0.5972,0.1972,0.4361
masked,dot,1,work,-0.6412,0.1731,0.4296
masked,dot,1,home,-0.463,0.1944,0.3796
masked,dot,1,conference,-0.2731,0.2472,0.3565
masked,dot,10,work,-0.6574,0.1806,0.4435
masked,dot,10,home,-0.7153,0.163,0.4491
masked,dot,10,conference,-0.3657,0.2241,0.3704
masked,dot,2,work,-0.7245,0.1574,0.4472
masked,dot,2,home,-0.5046,0.1769,0.3787
masked,dot,2,conference,-0.3634,0.2324,0.3778
masked,dot,3,work,-0.7384,0.1528,0.4481
masked,dot,3,home,-0.5486,0.1824,0.4019
masked,dot,3,conference,-0.2824,0.2463,0.3593
masked,dot,4,work,-0.7292,0.1537,0.4454
masked,dot,4,home,-0.4838,0.188,0.3815
masked,dot,4,conference,-0.3866,0.2269,0.3815
masked,dot,5,work,-0.7639,0.1657,0.4713
masked,dot,5,home,-0.5648,0.1815,0.4074
masked,dot,5,conference,-0.2917,0.2546,0.3713
masked,dot,6,work,-0.7083,0.175,0.4583
masked,dot,6,home,-0.4653,0.1898,0.3759
masked,dot,6,conference,-0.2685,0.2454,0.3528
masked,dot,7,work,-0.6042,0.1861,0.4278
masked,dot,7,home,-0.4028,0.1991,0.3602
masked,dot,7,conference,-0.3519,0.2241,0.3648
masked,dot,8,work,-0.6551,0.1824,0.4444
masked,dot,8,home,-0.5046,0.1954,0.3972
masked,dot,8,conference,-0.3611,0.2287,0.3731
masked,dot,9,work,-0.7569,0.1602,0.463
masked,dot,9,home,-0.4583,0.1981,0.3815
masked,dot,9,conference,-0.25,0.2472,0.3472
masked,l1,1,work,-1.1481,0.112,0.5713
masked,l1,1,home,-1.0093,0.137,0.5407
masked,l1,1,conference,-1.0023,0.1491,0.55
masked,l1,10,work,-1.2454,0.1,0.5981
masked,l1,10,home,-1.213,0.1074,0.5926
masked,l1,10,conference,-0.9815,0.1583,0.5509
masked,l1,2,work,-1.1042,0.1315,0.5731
masked,l1,2,home,-1.1644,0.1213,0.587
masked,l1,2,conference,-1.1412,0.1278,0.5843
masked,l1,3,work,-1.1366,0.112,0.5667
masked,l1,3,home,-1.1157,0.1241,0.5704
masked,l1,3,conference,-0.9282,0.1667,0.538
masked,l1,4,work,-1.2454,0.1,0.5981
masked,l1,4,home,-1.081,0.1352,0.5676
masked,l1,4,conference,-0.9861,0.162,0.5565
masked,l1,5,work,-1.1458,0.113,0.5713
masked,l1,5,home,-1.1481,0.1259,0.5852
masked,l1,5,conference,-0.9306,0.1731,0.5454
masked,l1,6,work,-1.2083,0.1093,0.5926
masked,l1,6,home,-1.0486,0.1343,0.5537
masked,l1,6,conference,-1.0023,0.1435,0.5444
masked,l1,7,work,-1.0972,0.1204,0.5593
masked,l1,7,home,-1.1065,0.1361,0.5787
masked,l1,7,conference,-0.9977,0.15,0.5491
masked,l1,8,work,-1.0949,0.1213,0.5593
masked,l1,8,home,-1.1944,0.1167,0.5944
masked,l1,8,conference,-0.9676,0.1556,0.5426
masked,l1,9,work,-1.2083,0.1019,0.5852
masked,l1,9,home,-0.9884,0.1472,0.5426
masked,l1,9,conference,-0.9491,0.163,0.5426
