episode,agent,context,formal,casual,enthusiastic,quiet,entropy
500,alice,work,0.9645,0.0255,0.0075,0.0025,0.1300
500,alice,home,0.0028,0.9886,0.0057,0.0028,0.0535
500,alice,concert,0.0035,0.0055,0.9876,0.0035,0.0578
500,alice,default,0.0500,0.4421,0.4579,0.0500,0.7344
500,bob,work,0.9835,0.0110,0.0027,0.0028,0.0711
500,bob,home,0.0043,0.9610,0.0034,0.0313,0.1367
500,bob,concert,0.0033,0.0084,0.9851,0.0033,0.0667
500,bob,default,0.0417,0.6202,0.2965,0.0417,0.6648
500,carol,work,0.9231,0.0714,0.0028,0.0028,0.2128
500,carol,home,0.0032,0.9785,0.0151,0.0032,0.0876
500,carol,concert,0.0034,0.0107,0.9825,0.0034,0.0755
500,carol,default,0.0417,0.4249,0.4917,0.0417,0.7051
500,dave,work,0.9330,0.0613,0.0028,0.0028,0.1942
500,dave,home,0.0035,0.9759,0.0171,0.0035,0.0961
500,dave,concert,0.0031,0.0095,0.9844,0.0031,0.0687
500,dave,default,0.0833,0.4635,0.3699,0.0833,0.8212
1000,alice,work,0.9806,0.0139,0.0041,0.0014,0.0797
1000,alice,home,0.0014,0.9945,0.0028,0.0014,0.0289
1000,alice,concert,0.0017,0.0028,0.9937,0.0017,0.0322
1000,alice,default,0.0313,0.5676,0.3699,0.0313,0.6535
1000,bob,work,0.9907,0.0062,0.0015,0.0016,0.0438
1000,bob,home,0.0021,0.9810,0.0017,0.0152,0.0765
1000,bob,concert,0.0016,0.0040,0.9928,0.0016,0.0361
1000,bob,default,0.0250,0.6513,0.2987,0.0250,0.5948
1000,carol,work,0.9609,0.0363,0.0014,0.0014,0.1278
1000,carol,home,0.0015,0.9898,0.0071,0.0015,0.0470
1000,carol,concert,0.0016,0.0050,0.9918,0.0016,0.0401
1000,carol,default,0.0192,0.5526,0.4089,0.0192,0.6098
1000,dave,work,0.9649,0.0321,0.0015,0.0015,0.1185
1000,dave,home,0.0016,0.9887,0.0080,0.0016,0.0511
1000,dave,concert,0.0015,0.0045,0.9925,0.0015,0.0369
1000,dave,default,0.0278,0.4805,0.4639,0.0278,0.6547
1500,alice,work,0.9859,0.0101,0.0030,0.0010,0.0610
1500,alice,home,0.0009,0.9962,0.0019,0.0009,0.0207
1500,alice,concert,0.0011,0.0017,0.9961,0.0011,0.0215
1500,alice,default,0.0192,0.7070,0.2546,0.0192,0.5377
1500,bob,work,0.9937,0.0042,0.0010,0.0011,0.0313
1500,bob,home,0.0013,0.9880,0.0011,0.0096,0.0524
1500,bob,concert,0.0011,0.0027,0.9952,0.0011,0.0252
1500,bob,default,0.0167,0.7452,0.2215,0.0167,0.4974
1500,carol,work,0.9721,0.0259,0.0010,0.0010,0.0981
1500,carol,home,0.0010,0.9932,0.0048,0.0010,0.0332
1500,carol,concert,0.0011,0.0033,0.9946,0.0011,0.0279
1500,carol,default,0.0132,0.6939,0.2798,0.0132,0.5222
1500,dave,work,0.9771,0.0209,0.0010,0.0010,0.0843
1500,dave,home,0.0011,0.9927,0.0052,0.0011,0.0354
1500,dave,concert,0.0010,0.0030,0.9950,0.0010,0.0260
1500,dave,default,0.0192,0.5694,0.3922,0.0192,0.6058
2000,alice,work,0.9893,0.0077,0.0023,0.0008,0.0485
2000,alice,home,0.0007,0.9971,0.0015,0.0007,0.0167
2000,alice,concert,0.0008,0.0012,0.9972,0.0008,0.0159
2000,alice,default,0.0132,0.7995,0.1742,0.0132,0.4308
2000,bob,work,0.9953,0.0031,0.0008,0.0008,0.0244
2000,bob,home,0.0010,0.9910,0.0008,0.0072,0.0413
2000,bob,concert,0.0008,0.0020,0.9965,0.0008,0.0193
2000,bob,default,0.0132,0.7988,0.1749,0.0132,0.4316
2000,carol,work,0.9785,0.0199,0.0008,0.0008,0.0797
2000,carol,home,0.0008,0.9946,0.0038,0.0008,0.0273
2000,carol,concert,0.0008,0.0023,0.9962,0.0008,0.0208
2000,carol,default,0.0100,0.7674,0.2126,0.0100,0.4505
2000,dave,work,0.9823,0.0162,0.0008,0.0008,0.0686
2000,dave,home,0.0008,0.9945,0.0039,0.0008,0.0280
2000,dave,concert,0.0007,0.0022,0.9964,0.0007,0.0194
2000,dave,default,0.0147,0.6707,0.2999,0.0147,0.5433
2500,alice,work,0.9913,0.0063,0.0018,0.0006,0.0409
2500,alice,home,0.0006,0.9976,0.0012,0.0006,0.0140
2500,alice,concert,0.0006,0.0010,0.9978,0.0006,0.0129
2500,alice,default,0.0119,0.8186,0.1576,0.0119,0.4043
2500,bob,work,0.9962,0.0026,0.0006,0.0007,0.0206
2500,bob,home,0.0008,0.9928,0.0006,0.0058,0.0342
2500,bob,concert,0.0006,0.0015,0.9973,0.0006,0.0155
2500,bob,default,0.0100,0.8471,0.1329,0.0100,0.3613
2500,carol,work,0.9829,0.0158,0.0006,0.0006,0.0661
2500,carol,home,0.0006,0.9957,0.0030,0.0006,0.0225
2500,carol,concert,0.0006,0.0018,0.9970,0.0006,0.0168
2500,carol,default,0.0083,0.8061,0.1772,0.0083,0.4041
2500,dave,work,0.9859,0.0129,0.0006,0.0006,0.0570
2500,dave,home,0.0006,0.9956,0.0031,0.0006,0.0230
2500,dave,concert,0.0006,0.0017,0.9971,0.0006,0.0162
2500,dave,default,0.0104,0.7667,0.2124,0.0104,0.4529
3000,alice,work,0.9928,0.0051,0.0015,0.0005,0.0346
3000,alice,home,0.0005,0.9980,0.0010,0.0005,0.0118
3000,alice,concert,0.0005,0.0008,0.9982,0.0005,0.0110
3000,alice,default,0.0104,0.8413,0.1379,0.0104,0.3706
3000,bob,work,0.9967,0.0022,0.0005,0.0006,0.0179
3000,bob,home,0.0006,0.9942,0.0005,0.0046,0.0284
3000,bob,concert,0.0005,0.0013,0.9977,0.0005,0.0134
3000,bob,default,0.0083,0.8726,0.1108,0.0083,0.3192
3000,carol,work,0.9857,0.0133,0.0005,0.0005,0.0573
3000,carol,home,0.0005,0.9965,0.0025,0.0005,0.0191
3000,carol,concert,0.0005,0.0015,0.9975,0.0005,0.0143
3000,carol,default,0.0071,0.8338,0.1519,0.0071,0.3667
3000,dave,work,0.9880,0.0110,0.0005,0.0005,0.0499
3000,dave,home,0.0005,0.9963,0.0026,0.0005,0.0196
3000,dave,concert,0.0005,0.0015,0.9976,0.0005,0.0140
3000,dave,default,0.0081,0.8194,0.1645,0.0081,0.3880
3500,alice,work,0.9937,0.0045,0.0013,0.0004,0.0311
3500,alice,home,0.0004,0.9983,0.0009,0.0004,0.0105
3500,alice,concert,0.0004,0.0007,0.9985,0.0004,0.0094
3500,alice,default,0.0086,0.8686,0.1141,0.0086,0.3260
3500,bob,work,0.9972,0.0018,0.0005,0.0005,0.0155
3500,bob,home,0.0005,0.9951,0.0004,0.0040,0.0247
3500,bob,concert,0.0004,0.0011,0.9981,0.0004,0.0115
3500,bob,default,0.0074,0.8876,0.0977,0.0074,0.2924
3500,carol,work,0.9876,0.0115,0.0004,0.0004,0.0508
3500,carol,home,0.0004,0.9970,0.0021,0.0004,0.0166
3500,carol,concert,0.0004,0.0013,0.9979,0.0004,0.0122
3500,carol,default,0.0058,0.8647,0.1236,0.0058,0.3202
3500,dave,work,0.9895,0.0097,0.0004,0.0004,0.0449
3500,dave,home,0.0005,0.9968,0.0022,0.0005,0.0173
3500,dave,concert,0.0004,0.0013,0.9979,0.0004,0.0123
3500,dave,default,0.0074,0.8353,0.1500,0.0074,0.3658
4000,alice,work,0.9945,0.0039,0.0012,0.0004,0.0276
4000,alice,home,0.0004,0.9985,0.0008,0.0004,0.0094
4000,alice,concert,0.0004,0.0006,0.9987,0.0004,0.0084
4000,alice,default,0.0071,0.8912,0.0946,0.0071,0.2859
4000,bob,work,0.9976,0.0016,0.0004,0.0004,0.0138
4000,bob,home,0.0005,0.9956,0.0004,0.0035,0.0223
4000,bob,concert,0.0004,0.0010,0.9983,0.0004,0.0103
4000,bob,default,0.0064,0.9020,0.0852,0.0064,0.2652
4000,carol,work,0.9895,0.0098,0.0004,0.0004,0.0445
4000,carol,home,0.0004,0.9974,0.0018,0.0004,0.0146
4000,carol,concert,0.0004,0.0011,0.9981,0.0004,0.0110
4000,carol,default,0.0054,0.8736,0.1156,0.0054,0.3060
4000,dave,work,0.9908,0.0084,0.0004,0.0004,0.0399
4000,dave,home,0.0004,0.9972,0.0019,0.0004,0.0153
4000,dave,concert,0.0004,0.0011,0.9981,0.0004,0.0110
4000,dave,default,0.0063,0.8600,0.1275,0.0063,0.3287
4500,alice,work,0.9951,0.0035,0.0010,0.0004,0.0251
4500,alice,home,0.0003,0.9986,0.0007,0.0003,0.0086
4500,alice,concert,0.0003,0.0005,0.9988,0.0003,0.0076
4500,alice,default,0.0064,0.9023,0.0849,0.0064,0.2646
4500,bob,work,0.9978,0.0014,0.0004,0.0004,0.0124
4500,bob,home,0.0004,0.9961,0.0003,0.0031,0.0200
4500,bob,concert,0.0003,0.0008,0.9985,0.0003,0.0092
4500,bob,default,0.0054,0.9169,0.0722,0.0054,0.2352
4500,carol,work,0.9906,0.0087,0.0003,0.0003,0.0405
4500,carol,home,0.0003,0.9977,0.0016,0.0003,0.0130
4500,carol,concert,0.0003,0.0010,0.9983,0.0003,0.0101
4500,carol,default,0.0050,0.8837,0.1063,0.0050,0.2889
4500,dave,work,0.9919,0.0074,0.0003,0.0003,0.0360
4500,dave,home,0.0004,0.9976,0.0017,0.0004,0.0138
4500,dave,concert,0.0003,0.0010,0.9984,0.0003,0.0099
4500,dave,default,0.0056,0.8756,0.1133,0.0056,0.3035
5000,alice,work,0.9956,0.0032,0.0009,0.0003,0.0227
5000,alice,home,0.0003,0.9988,0.0006,0.0003,0.0078
5000,alice,concert,0.0003,0.0005,0.9989,0.0003,0.0069
5000,alice,default,0.0061,0.9071,0.0807,0.0061,0.2552
5000,bob,work,0.9980,0.0013,0.0003,0.0003,0.0114
5000,bob,home,0.0004,0.9965,0.0003,0.0028,0.0182
5000,bob,concert,0.0003,0.0008,0.9986,0.0003,0.0084
5000,bob,default,0.0051,0.9220,0.0678,0.0051,0.2245
5000,carol,work,0.9915,0.0079,0.0003,0.0003,0.0371
5000,carol,home,0.0003,0.9980,0.0014,0.0003,0.0118
5000,carol,concert,0.0003,0.0009,0.9985,0.0003,0.0091
5000,carol,default,0.0045,0.8961,0.0949,0.0045,0.2670
5000,dave,work,0.9926,0.0068,0.0003,0.0003,0.0333
5000,dave,home,0.0003,0.9978,0.0015,0.0003,0.0125
5000,dave,concert,0.0003,0.0009,0.9985,0.0003,0.0091
5000,dave,default,0.0046,0.8963,0.0944,0.0046,0.2674
5500,alice,work,0.9960,0.0029,0.0008,0.0003,0.0210
5500,alice,home,0.0003,0.9989,0.0006,0.0003,0.0072
5500,alice,concert,0.0003,0.0004,0.9990,0.0003,0.0064
5500,alice,default,0.0053,0.9190,0.0704,0.0053,0.2310
5500,bob,work,0.9982,0.0012,0.0003,0.0003,0.0105
5500,bob,home,0.0003,0.9969,0.0003,0.0025,0.0168
5500,bob,concert,0.0003,0.0007,0.9988,0.0003,0.0076
5500,bob,default,0.0046,0.9292,0.0615,0.0046,0.2089
5500,carol,work,0.9924,0.0071,0.0003,0.0003,0.0340
5500,carol,home,0.0003,0.9981,0.0013,0.0003,0.0110
5500,carol,concert,0.0003,0.0008,0.9987,0.0003,0.0083
5500,carol,default,0.0041,0.9047,0.0871,0.0041,0.2513
5500,dave,work,0.9932,0.0062,0.0003,0.0003,0.0310
5500,dave,home,0.0003,0.9980,0.0014,0.0003,0.0115
5500,dave,concert,0.0003,0.0008,0.9986,0.0003,0.0084
5500,dave,default,0.0043,0.9035,0.0879,0.0043,0.2542
6000,alice,work,0.9963,0.0026,0.0008,0.0003,0.0194
6000,alice,home,0.0003,0.9990,0.0005,0.0003,0.0066
6000,alice,concert,0.0003,0.0004,0.9991,0.0003,0.0059
6000,alice,default,0.0047,0.9281,0.0624,0.0047,0.2113
6000,bob,work,0.9984,0.0011,0.0003,0.0003,0.0096
6000,bob,home,0.0003,0.9971,0.0003,0.0023,0.0156
6000,bob,concert,0.0002,0.0006,0.9989,0.0002,0.0070
6000,bob,default,0.0043,0.9341,0.0573,0.0043,0.1980
6000,carol,work,0.9930,0.0065,0.0003,0.0003,0.0318
6000,carol,home,0.0003,0.9983,0.0012,0.0003,0.0103
6000,carol,concert,0.0002,0.0007,0.9988,0.0002,0.0077
6000,carol,default,0.0038,0.9119,0.0805,0.0038,0.2375
6000,dave,work,0.9938,0.0057,0.0003,0.0003,0.0287
6000,dave,home,0.0003,0.9982,0.0013,0.0003,0.0107
6000,dave,concert,0.0002,0.0008,0.9987,0.0002,0.0078
6000,dave,default,0.0040,0.9111,0.0809,0.0040,0.2396
6500,alice,work,0.9966,0.0024,0.0007,0.0002,0.0183
6500,alice,home,0.0002,0.9991,0.0005,0.0002,0.0061
6500,alice,concert,0.0002,0.0004,0.9992,0.0002,0.0055
6500,alice,default,0.0046,0.9295,0.0613,0.0046,0.2084
6500,bob,work,0.9985,0.0010,0.0002,0.0003,0.0090
6500,bob,home,0.0003,0.9974,0.0002,0.0021,0.0144
6500,bob,concert,0.0002,0.0006,0.9990,0.0002,0.0066
6500,bob,default,0.0040,0.9393,0.0527,0.0040,0.1860
6500,carol,work,0.9934,0.0061,0.0002,0.0002,0.0299
6500,carol,home,0.0002,0.9984,0.0011,0.0002,0.0096
6500,carol,concert,0.0002,0.0007,0.9989,0.0002,0.0071
6500,carol,default,0.0035,0.9192,0.0738,0.0035,0.2230
6500,dave,work,0.9943,0.0053,0.0002,0.0002,0.0270
6500,dave,home,0.0002,0.9983,0.0012,0.0002,0.0099
6500,dave,concert,0.0002,0.0007,0.9988,0.0002,0.0073
6500,dave,default,0.0035,0.9211,0.0718,0.0035,0.2197
7000,alice,work,0.9969,0.0023,0.0007,0.0002,0.0170
7000,alice,home,0.0002,0.9991,0.0004,0.0002,0.0058
7000,alice,concert,0.0002,0.0003,0.9992,0.0002,0.0051
7000,alice,default,0.0042,0.9354,0.0561,0.0042,0.1950
7000,bob,work,0.9986,0.0009,0.0002,0.0002,0.0084
7000,bob,home,0.0003,0.9975,0.0002,0.0020,0.0136
7000,bob,concert,0.0002,0.0005,0.9990,0.0002,0.0062
7000,bob,default,0.0036,0.9446,0.0482,0.0036,0.1736
7000,carol,work,0.9940,0.0056,0.0002,0.0002,0.0279
7000,carol,home,0.0002,0.9985,0.0011,0.0002,0.0090
7000,carol,concert,0.0002,0.0006,0.9989,0.0002,0.0067
7000,carol,default,0.0032,0.9264,0.0673,0.0032,0.2084
7000,dave,work,0.9947,0.0048,0.0002,0.0002,0.0251
7000,dave,home,0.0002,0.9984,0.0011,0.0002,0.0093
7000,dave,concert,0.0002,0.0007,0.9989,0.0002,0.0068
7000,dave,default,0.0034,0.9233,0.0698,0.0034,0.2153
7500,alice,work,0.9971,0.0021,0.0006,0.0002,0.0160
7500,alice,home,0.0002,0.9992,0.0004,0.0002,0.0055
7500,alice,concert,0.0002,0.0003,0.9993,0.0002,0.0049
7500,alice,default,0.0038,0.9414,0.0509,0.0038,0.1812
7500,bob,work,0.9987,0.0008,0.0002,0.0002,0.0077
7500,bob,home,0.0003,0.9977,0.0002,0.0019,0.0128
7500,bob,concert,0.0002,0.0005,0.9991,0.0002,0.0057
7500,bob,default,0.0035,0.9462,0.0468,0.0035,0.1698
7500,carol,work,0.9945,0.0051,0.0002,0.0002,0.0260
7500,carol,home,0.0002,0.9986,0.0010,0.0002,0.0085
7500,carol,concert,0.0002,0.0006,0.9990,0.0002,0.0064
7500,carol,default,0.0029,0.9316,0.0625,0.0029,0.1974
7500,dave,work,0.9951,0.0045,0.0002,0.0002,0.0236
7500,dave,home,0.0002,0.9985,0.0010,0.0002,0.0087
7500,dave,concert,0.0002,0.0006,0.9990,0.0002,0.0065
7500,dave,default,0.0032,0.9291,0.0645,0.0032,0.2031
8000,alice,work,0.9973,0.0020,0.0006,0.0002,0.0150
8000,alice,home,0.0002,0.9992,0.0004,0.0002,0.0053
8000,alice,concert,0.0002,0.0003,0.9993,0.0002,0.0046
8000,alice,default,0.0036,0.9448,0.0480,0.0036,0.1732
8000,bob,work,0.9988,0.0008,0.0002,0.0002,0.0073
8000,bob,home,0.0002,0.9978,0.0002,0.0017,0.0121
8000,bob,concert,0.0002,0.0005,0.9992,0.0002,0.0054
8000,bob,default,0.0032,0.9504,0.0432,0.0032,0.1596
8000,carol,work,0.9948,0.0048,0.0002,0.0002,0.0245
8000,carol,home,0.0002,0.9987,0.0009,0.0002,0.0080
8000,carol,concert,0.0002,0.0006,0.9991,0.0002,0.0061
8000,carol,default,0.0028,0.9347,0.0597,0.0028,0.1908
8000,dave,work,0.9954,0.0042,0.0002,0.0002,0.0223
8000,dave,home,0.0002,0.9986,0.0010,0.0002,0.0083
8000,dave,concert,0.0002,0.0006,0.9991,0.0002,0.0061
8000,dave,default,0.0029,0.9341,0.0600,0.0029,0.1924
8500,alice,work,0.9974,0.0019,0.0005,0.0002,0.0144
8500,alice,home,0.0002,0.9993,0.0004,0.0002,0.0050
8500,alice,concert,0.0002,0.0003,0.9994,0.0002,0.0043
8500,alice,default,0.0033,0.9499,0.0435,0.0033,0.1608
8500,bob,work,0.9989,0.0007,0.0002,0.0002,0.0069
8500,bob,home,0.0002,0.9979,0.0002,0.0016,0.0116
8500,bob,concert,0.0002,0.0004,0.9992,0.0002,0.0051
8500,bob,default,0.0030,0.9539,0.0400,0.0030,0.1506
8500,carol,work,0.9952,0.0045,0.0002,0.0002,0.0231
8500,carol,home,0.0002,0.9988,0.0009,0.0002,0.0076
8500,carol,concert,0.0002,0.0005,0.9991,0.0002,0.0057
8500,carol,default,0.0027,0.9381,0.0566,0.0027,0.1832
8500,dave,work,0.9957,0.0039,0.0002,0.0002,0.0211
8500,dave,home,0.0002,0.9987,0.0009,0.0002,0.0078
8500,dave,concert,0.0002,0.0005,0.9991,0.0002,0.0058
8500,dave,default,0.0029,0.9357,0.0586,0.0029,0.1891
9000,alice,work,0.9976,0.0017,0.0005,0.0002,0.0135
9000,alice,home,0.0002,0.9993,0.0004,0.0002,0.0047
9000,alice,concert,0.0002,0.0003,0.9994,0.0002,0.0041
9000,alice,default,0.0031,0.9530,0.0409,0.0031,0.1531
9000,bob,work,0.9990,0.0007,0.0002,0.0002,0.0065
9000,bob,home,0.0002,0.9980,0.0002,0.0016,0.0111
9000,bob,concert,0.0002,0.0004,0.9993,0.0002,0.0049
9000,bob,default,0.0029,0.9556,0.0386,0.0029,0.1465
9000,carol,work,0.9954,0.0042,0.0002,0.0002,0.0220
9000,carol,home,0.0002,0.9988,0.0008,0.0002,0.0072
9000,carol,concert,0.0002,0.0005,0.9992,0.0002,0.0055
9000,carol,default,0.0025,0.9418,0.0532,0.0025,0.1748
9000,dave,work,0.9959,0.0037,0.0002,0.0002,0.0201
9000,dave,home,0.0002,0.9988,0.0009,0.0002,0.0074
9000,dave,concert,0.0002,0.0005,0.9991,0.0002,0.0055
9000,dave,default,0.0027,0.9398,0.0548,0.0027,0.1799
9500,alice,work,0.9977,0.0016,0.0005,0.0002,0.0129
9500,alice,home,0.0002,0.9993,0.0003,0.0002,0.0045
9500,alice,concert,0.0002,0.0003,0.9994,0.0002,0.0039
9500,alice,default,0.0030,0.9541,0.0399,0.0030,0.1502
9500,bob,work,0.9990,0.0006,0.0002,0.0002,0.0062
9500,bob,home,0.0002,0.9981,0.0002,0.0015,0.0106
9500,bob,concert,0.0002,0.0004,0.9993,0.0002,0.0047
9500,bob,default,0.0028,0.9570,0.0373,0.0028,0.1427
9500,carol,work,0.9957,0.0040,0.0002,0.0002,0.0210
9500,carol,home,0.0002,0.9989,0.0008,0.0002,0.0069
9500,carol,concert,0.0002,0.0005,0.9992,0.0002,0.0053
9500,carol,default,0.0024,0.9451,0.0501,0.0024,0.1673
9500,dave,work,0.9962,0.0035,0.0002,0.0002,0.0192
9500,dave,home,0.0002,0.9989,0.0008,0.0002,0.0071
9500,dave,concert,0.0002,0.0005,0.9992,0.0002,0.0053
9500,dave,default,0.0025,0.9451,0.0500,0.0025,0.1678
10000,alice,work,0.9979,0.0015,0.0005,0.0002,0.0122
10000,alice,home,0.0002,0.9994,0.0003,0.0002,0.0043
10000,alice,concert,0.0002,0.0002,0.9995,0.0002,0.0038
10000,alice,default,0.0029,0.9552,0.0389,0.0029,0.1475
10000,bob,work,0.9991,0.0006,0.0002,0.0002,0.0059
10000,bob,home,0.0002,0.9982,0.0002,0.0014,0.0102
10000,bob,concert,0.0001,0.0004,0.9993,0.0001,0.0045
10000,bob,default,0.0027,0.9589,0.0357,0.0027,0.1379
10000,carol,work,0.9959,0.0038,0.0001,0.0001,0.0201
10000,carol,home,0.0002,0.9989,0.0007,0.0002,0.0066
10000,carol,concert,0.0002,0.0005,0.9992,0.0002,0.0051
10000,carol,default,0.0022,0.9485,0.0470,0.0022,0.1594
10000,dave,work,0.9964,0.0033,0.0002,0.0002,0.0182
10000,dave,home,0.0002,0.9989,0.0008,0.0002,0.0067
10000,dave,concert,0.0002,0.0005,0.9992,0.0002,0.0050
10000,dave,default,0.0023,0.9486,0.0468,0.0023,0.1595
10500,alice,work,0.9979,0.0015,0.0004,0.0001,0.0118
10500,alice,home,0.0001,0.9994,0.0003,0.0001,0.0041
10500,alice,concert,0.0001,0.0002,0.9995,0.0001,0.0036
10500,alice,default,0.0028,0.9577,0.0368,0.0028,0.1411
10500,bob,work,0.9991,0.0006,0.0001,0.0001,0.0057
10500,bob,home,0.0002,0.9983,0.0001,0.0014,0.0098
10500,bob,concert,0.0001,0.0004,0.9994,0.0001,0.0043
10500,bob,default,0.0025,0.9618,0.0332,0.0025,0.1302
10500,carol,work,0.9961,0.0036,0.0001,0.0001,0.0193
10500,carol,home,0.0001,0.9990,0.0007,0.0001,0.0063
10500,carol,concert,0.0001,0.0004,0.9993,0.0001,0.0048
10500,carol,default,0.0021,0.9503,0.0454,0.0021,0.1552
10500,dave,work,0.9965,0.0032,0.0001,0.0001,0.0176
10500,dave,home,0.0001,0.9990,0.0007,0.0001,0.0064
10500,dave,concert,0.0001,0.0004,0.9993,0.0001,0.0048
10500,dave,default,0.0022,0.9505,0.0451,0.0022,0.1552
11000,alice,work,0.9980,0.0014,0.0004,0.0001,0.0113
11000,alice,home,0.0001,0.9994,0.0003,0.0001,0.0039
11000,alice,concert,0.0001,0.0002,0.9995,0.0001,0.0034
11000,alice,default,0.0027,0.9590,0.0356,0.0027,0.1375
11000,bob,work,0.9992,0.0006,0.0001,0.0001,0.0054
11000,bob,home,0.0002,0.9984,0.0001,0.0013,0.0094
11000,bob,concert,0.0001,0.0003,0.9994,0.0001,0.0041
11000,bob,default,0.0023,0.9643,0.0311,0.0023,0.1235
11000,carol,work,0.9963,0.0035,0.0001,0.0001,0.0185
11000,carol,home,0.0001,0.9990,0.0007,0.0001,0.0061
11000,carol,concert,0.0001,0.0004,0.9993,0.0001,0.0046
11000,carol,default,0.0021,0.9519,0.0439,0.0021,0.1513
11000,dave,work,0.9967,0.0030,0.0001,0.0001,0.0168
11000,dave,home,0.0001,0.9990,0.0007,0.0001,0.0062
11000,dave,concert,0.0001,0.0004,0.9993,0.0001,0.0046
11000,dave,default,0.0021,0.9530,0.0428,0.0021,0.1492
11500,alice,work,0.9981,0.0013,0.0004,0.0001,0.0108
11500,alice,home,0.0001,0.9995,0.0003,0.0001,0.0037
11500,alice,concert,0.0001,0.0002,0.9995,0.0001,0.0033
11500,alice,default,0.0025,0.9615,0.0334,0.0025,0.1310
11500,bob,work,0.9992,0.0005,0.0001,0.0001,0.0052
11500,bob,home,0.0002,0.9985,0.0001,0.0012,0.0090
11500,bob,concert,0.0001,0.0003,0.9994,0.0001,0.0040
11500,bob,default,0.0023,0.9656,0.0299,0.0023,0.1200
11500,carol,work,0.9964,0.0033,0.0001,0.0001,0.0178
11500,carol,home,0.0001,0.9991,0.0007,0.0001,0.0059
11500,carol,concert,0.0001,0.0004,0.9993,0.0001,0.0045
11500,carol,default,0.0020,0.9542,0.0419,0.0020,0.1458
11500,dave,work,0.9969,0.0029,0.0001,0.0001,0.0161
11500,dave,home,0.0001,0.9991,0.0007,0.0001,0.0059
11500,dave,concert,0.0001,0.0004,0.9993,0.0001,0.0045
11500,dave,default,0.0020,0.9545,0.0415,0.0020,0.1454
12000,alice,work,0.9982,0.0013,0.0004,0.0001,0.0105
12000,alice,home,0.0001,0.9995,0.0003,0.0001,0.0036
12000,alice,concert,0.0001,0.0002,0.9995,0.0001,0.0032
12000,alice,default,0.0024,0.9634,0.0318,0.0024,0.1260
12000,bob,work,0.9992,0.0005,0.0001,0.0001,0.0050
12000,bob,home,0.0002,0.9985,0.0001,0.0012,0.0087
12000,bob,concert,0.0001,0.0003,0.9994,0.0001,0.0038
12000,bob,default,0.0021,0.9673,0.0284,0.0021,0.1151
12000,carol,work,0.9966,0.0031,0.0001,0.0001,0.0171
12000,carol,home,0.0001,0.9991,0.0006,0.0001,0.0057
12000,carol,concert,0.0001,0.0004,0.9994,0.0001,0.0043
12000,carol,default,0.0019,0.9553,0.0409,0.0019,0.1432
12000,dave,work,0.9970,0.0027,0.0001,0.0001,0.0154
12000,dave,home,0.0001,0.9991,0.0006,0.0001,0.0057
12000,dave,concert,0.0001,0.0004,0.9994,0.0001,0.0043
12000,dave,default,0.0019,0.9566,0.0395,0.0019,0.1402
12500,alice,work,0.9983,0.0012,0.0004,0.0001,0.0101
12500,alice,home,0.0001,0.9995,0.0003,0.0001,0.0035
12500,alice,concert,0.0001,0.0002,0.9996,0.0001,0.0031
12500,alice,default,0.0023,0.9644,0.0309,0.0023,0.1232
12500,bob,work,0.9993,0.0005,0.0001,0.0001,0.0049
12500,bob,home,0.0002,0.9986,0.0001,0.0011,0.0084
12500,bob,concert,0.0001,0.0003,0.9995,0.0001,0.0037
12500,bob,default,0.0020,0.9694,0.0266,0.0020,0.1092
12500,carol,work,0.9967,0.0030,0.0001,0.0001,0.0166
12500,carol,home,0.0001,0.9991,0.0006,0.0001,0.0055
12500,carol,concert,0.0001,0.0004,0.9994,0.0001,0.0042
12500,carol,default,0.0018,0.9572,0.0391,0.0018,0.1383
12500,dave,work,0.9971,0.0026,0.0001,0.0001,0.0149
12500,dave,home,0.0001,0.9991,0.0006,0.0001,0.0055
12500,dave,concert,0.0001,0.0004,0.9994,0.0001,0.0041
12500,dave,default,0.0019,0.9576,0.0386,0.0019,0.1377
13000,alice,work,0.9983,0.0012,0.0004,0.0001,0.0098
13000,alice,home,0.0001,0.9995,0.0002,0.0001,0.0034
13000,alice,concert,0.0001,0.0002,0.9996,0.0001,0.0030
13000,alice,default,0.0022,0.9669,0.0288,0.0022,0.1164
13000,bob,work,0.9993,0.0005,0.0001,0.0001,0.0047
13000,bob,home,0.0002,0.9986,0.0001,0.0011,0.0081
13000,bob,concert,0.0001,0.0003,0.9995,0.0001,0.0036
13000,bob,default,0.0019,0.9710,0.0252,0.0019,0.1046
13000,carol,work,0.9969,0.0029,0.0001,0.0001,0.0160
13000,carol,home,0.0001,0.9992,0.0006,0.0001,0.0053
13000,carol,concert,0.0001,0.0004,0.9994,0.0001,0.0040
13000,carol,default,0.0018,0.9579,0.0385,0.0018,0.1367
13000,dave,work,0.9973,0.0025,0.0001,0.0001,0.0144
13000,dave,home,0.0001,0.9992,0.0006,0.0001,0.0053
13000,dave,concert,0.0001,0.0004,0.9994,0.0001,0.0040
13000,dave,default,0.0019,0.9585,0.0378,0.0019,0.1353
13500,alice,work,0.9984,0.0012,0.0003,0.0001,0.0095
13500,alice,home,0.0001,0.9995,0.0002,0.0001,0.0033
13500,alice,concert,0.0001,0.0002,0.9996,0.0001,0.0028
13500,alice,default,0.0021,0.9683,0.0276,0.0021,0.1125
13500,bob,work,0.9993,0.0005,0.0001,0.0001,0.0045
13500,bob,home,0.0001,0.9987,0.0001,0.0011,0.0079
13500,bob,concert,0.0001,0.0003,0.9995,0.0001,0.0034
13500,bob,default,0.0018,0.9721,0.0243,0.0018,0.1015
13500,carol,work,0.9970,0.0028,0.0001,0.0001,0.0155
13500,carol,home,0.0001,0.9992,0.0006,0.0001,0.0052
13500,carol,concert,0.0001,0.0004,0.9994,0.0001,0.0039
13500,carol,default,0.0018,0.9590,0.0374,0.0018,0.1338
13500,dave,work,0.9974,0.0024,0.0001,0.0001,0.0138
13500,dave,home,0.0001,0.9992,0.0006,0.0001,0.0051
13500,dave,concert,0.0001,0.0003,0.9994,0.0001,0.0038
13500,dave,default,0.0018,0.9603,0.0362,0.0018,0.1309
14000,alice,work,0.9984,0.0011,0.0003,0.0001,0.0092
14000,alice,home,0.0001,0.9995,0.0002,0.0001,0.0032
14000,alice,concert,0.0001,0.0002,0.9996,0.0001,0.0028
14000,alice,default,0.0020,0.9693,0.0267,0.0020,0.1096
14000,bob,work,0.9993,0.0004,0.0001,0.0001,0.0044
14000,bob,home,0.0001,0.9987,0.0001,0.0010,0.0076
14000,bob,concert,0.0001,0.0003,0.9995,0.0001,0.0033
14000,bob,default,0.0017,0.9733,0.0232,0.0017,0.0981
14000,carol,work,0.9971,0.0027,0.0001,0.0001,0.0151
14000,carol,home,0.0001,0.9992,0.0005,0.0001,0.0050
14000,carol,concert,0.0001,0.0003,0.9994,0.0001,0.0038
14000,carol,default,0.0017,0.9607,0.0359,0.0017,0.1295
14000,dave,work,0.9975,0.0023,0.0001,0.0001,0.0134
14000,dave,home,0.0001,0.9992,0.0005,0.0001,0.0050
14000,dave,concert,0.0001,0.0003,0.9995,0.0001,0.0037
14000,dave,default,0.0017,0.9614,0.0352,0.0017,0.1280
14500,alice,work,0.9985,0.0011,0.0003,0.0001,0.0090
14500,alice,home,0.0001,0.9996,0.0002,0.0001,0.0031
14500,alice,concert,0.0001,0.0002,0.9996,0.0001,0.0027
14500,alice,default,0.0019,0.9709,0.0253,0.0019,0.1049
14500,bob,work,0.9994,0.0004,0.0001,0.0001,0.0043
14500,bob,home,0.0001,0.9988,0.0001,0.0010,0.0073
14500,bob,concert,0.0001,0.0003,0.9995,0.0001,0.0032
14500,bob,default,0.0017,0.9740,0.0226,0.0017,0.0959
14500,carol,work,0.9972,0.0026,0.0001,0.0001,0.0147
14500,carol,home,0.0001,0.9993,0.0005,0.0001,0.0048
14500,carol,concert,0.0001,0.0003,0.9995,0.0001,0.0037
14500,carol,default,0.0016,0.9622,0.0345,0.0016,0.1256
14500,dave,work,0.9975,0.0023,0.0001,0.0001,0.0131
14500,dave,home,0.0001,0.9993,0.0005,0.0001,0.0048
14500,dave,concert,0.0001,0.0003,0.9995,0.0001,0.0036
14500,dave,default,0.0017,0.9622,0.0344,0.0017,0.1260
15000,alice,work,0.9985,0.0010,0.0003,0.0001,0.0087
15000,alice,home,0.0001,0.9996,0.0002,0.0001,0.0030
15000,alice,concert,0.0001,0.0002,0.9996,0.0001,0.0026
15000,alice,default,0.0018,0.9722,0.0242,0.0018,0.1013
15000,bob,work,0.9994,0.0004,0.0001,0.0001,0.0041
15000,bob,home,0.0001,0.9988,0.0001,0.0009,0.0071
15000,bob,concert,0.0001,0.0002,0.9996,0.0001,0.0031
15000,bob,default,0.0017,0.9745,0.0222,0.0017,0.0944
15000,carol,work,0.9973,0.0026,0.0001,0.0001,0.0143
15000,carol,home,0.0001,0.9993,0.0005,0.0001,0.0047
15000,carol,concert,0.0001,0.0003,0.9995,0.0001,0.0036
15000,carol,default,0.0016,0.9632,0.0336,0.0016,0.1231
15000,dave,work,0.9976,0.0022,0.0001,0.0001,0.0127
15000,dave,home,0.0001,0.9993,0.0005,0.0001,0.0047
15000,dave,concert,0.0001,0.0003,0.9995,0.0001,0.0035
15000,dave,default,0.0016,0.9639,0.0329,0.0016,0.1216
15500,alice,work,0.9986,0.0010,0.0003,0.0001,0.0085
15500,alice,home,0.0001,0.9996,0.0002,0.0001,0.0029
15500,alice,concert,0.0001,0.0002,0.9996,0.0001,0.0025
15500,alice,default,0.0018,0.9732,0.0233,0.0018,0.0984
15500,bob,work,0.9994,0.0004,0.0001,0.0001,0.0040
15500,bob,home,0.0001,0.9989,0.0001,0.0009,0.0069
15500,bob,concert,0.0001,0.0002,0.9996,0.0001,0.0030
15500,bob,default,0.0016,0.9752,0.0216,0.0016,0.0924
15500,carol,work,0.9973,0.0025,0.0001,0.0001,0.0139
15500,carol,home,0.0001,0.9993,0.0005,0.0001,0.0045
15500,carol,concert,0.0001,0.0003,0.9995,0.0001,0.0035
15500,carol,default,0.0015,0.9641,0.0328,0.0015,0.1207
15500,dave,work,0.9977,0.0021,0.0001,0.0001,0.0124
15500,dave,home,0.0001,0.9993,0.0005,0.0001,0.0045
15500,dave,concert,0.0001,0.0003,0.9995,0.0001,0.0034
15500,dave,default,0.0015,0.9654,0.0315,0.0015,0.1174
16000,alice,work,0.9986,0.0010,0.0003,0.0001,0.0083
16000,alice,home,0.0001,0.9996,0.0002,0.0001,0.0028
16000,alice,concert,0.0001,0.0001,0.9997,0.0001,0.0025
16000,alice,default,0.0017,0.9741,0.0225,0.0017,0.0957
16000,bob,work,0.9994,0.0004,0.0001,0.0001,0.0039
16000,bob,home,0.0001,0.9989,0.0001,0.0009,0.0067
16000,bob,concert,0.0001,0.0002,0.9996,0.0001,0.0029
16000,bob,default,0.0016,0.9761,0.0208,0.0016,0.0896
16000,carol,work,0.9974,0.0024,0.0001,0.0001,0.0135
16000,carol,home,0.0001,0.9993,0.0005,0.0001,0.0044
16000,carol,concert,0.0001,0.0003,0.9995,0.0001,0.0034
16000,carol,default,0.0015,0.9654,0.0316,0.0015,0.1173
16000,dave,work,0.9977,0.0021,0.0001,0.0001,0.0121
16000,dave,home,0.0001,0.9993,0.0005,0.0001,0.0044
16000,dave,concert,0.0001,0.0003,0.9995,0.0001,0.0033
16000,dave,default,0.0015,0.9661,0.0309,0.0015,0.1157
16500,alice,work,0.9987,0.0010,0.0003,0.0001,0.0081
16500,alice,home,0.0001,0.9996,0.0002,0.0001,0.0027
16500,alice,concert,0.0001,0.0001,0.9997,0.0001,0.0024
16500,alice,default,0.0016,0.9751,0.0216,0.0016,0.0927
16500,bob,work,0.9994,0.0004,0.0001,0.0001,0.0038
16500,bob,home,0.0001,0.9989,0.0001,0.0009,0.0065
16500,bob,concert,0.0001,0.0002,0.9996,0.0001,0.0029
16500,bob,default,0.0015,0.9765,0.0204,0.0015,0.0883
16500,carol,work,0.9975,0.0023,0.0001,0.0001,0.0132
16500,carol,home,0.0001,0.9994,0.0004,0.0001,0.0042
16500,carol,concert,0.0001,0.0003,0.9995,0.0001,0.0033
16500,carol,default,0.0014,0.9664,0.0307,0.0014,0.1147
16500,dave,work,0.9978,0.0020,0.0001,0.0001,0.0117
16500,dave,home,0.0001,0.9994,0.0005,0.0001,0.0043
16500,dave,concert,0.0001,0.0003,0.9995,0.0001,0.0032
16500,dave,default,0.0015,0.9673,0.0298,0.0015,0.1125
17000,alice,work,0.9987,0.0009,0.0003,0.0001,0.0079
17000,alice,home,0.0001,0.9996,0.0002,0.0001,0.0026
17000,alice,concert,0.0001,0.0001,0.9997,0.0001,0.0023
17000,alice,default,0.0016,0.9762,0.0207,0.0016,0.0894
17000,bob,work,0.9995,0.0004,0.0001,0.0001,0.0037
17000,bob,home,0.0001,0.9990,0.0001,0.0008,0.0064
17000,bob,concert,0.0001,0.0002,0.9996,0.0001,0.0028
17000,bob,default,0.0015,0.9772,0.0198,0.0015,0.0862
17000,carol,work,0.9976,0.0023,0.0001,0.0001,0.0129
17000,carol,home,0.0001,0.9994,0.0004,0.0001,0.0041
17000,carol,concert,0.0001,0.0003,0.9995,0.0001,0.0032
17000,carol,default,0.0014,0.9670,0.0302,0.0014,0.1131
17000,dave,work,0.9979,0.0019,0.0001,0.0001,0.0115
17000,dave,home,0.0001,0.9994,0.0004,0.0001,0.0041
17000,dave,concert,0.0001,0.0003,0.9996,0.0001,0.0031
17000,dave,default,0.0014,0.9682,0.0290,0.0014,0.1100
17500,alice,work,0.9987,0.0009,0.0003,0.0001,0.0077
17500,alice,home,0.0001,0.9996,0.0002,0.0001,0.0025
17500,alice,concert,0.0001,0.0001,0.9997,0.0001,0.0023
17500,alice,default,0.0015,0.9766,0.0203,0.0015,0.0881
17500,bob,work,0.9995,0.0004,0.0001,0.0001,0.0036
17500,bob,home,0.0001,0.9990,0.0001,0.0008,0.0062
17500,bob,concert,0.0001,0.0002,0.9996,0.0001,0.0027
17500,bob,default,0.0014,0.9783,0.0189,0.0014,0.0830
17500,carol,work,0.9976,0.0022,0.0001,0.0001,0.0126
17500,carol,home,0.0001,0.9994,0.0004,0.0001,0.0040
17500,carol,concert,0.0001,0.0003,0.9996,0.0001,0.0031
17500,carol,default,0.0014,0.9677,0.0295,0.0014,0.1111
17500,dave,work,0.9979,0.0019,0.0001,0.0001,0.0112
17500,dave,home,0.0001,0.9994,0.0004,0.0001,0.0040
17500,dave,concert,0.0001,0.0003,0.9996,0.0001,0.0030
17500,dave,default,0.0014,0.9691,0.0282,0.0014,0.1076
18000,alice,work,0.9988,0.0009,0.0003,0.0001,0.0075
18000,alice,home,0.0001,0.9997,0.0002,0.0001,0.0025
18000,alice,concert,0.0001,0.0001,0.9997,0.0001,0.0022
18000,alice,default,0.0015,0.9772,0.0198,0.0015,0.0864
18000,bob,work,0.9995,0.0003,0.0001,0.0001,0.0035
18000,bob,home,0.0001,0.9990,0.0001,0.0008,0.0061
18000,bob,concert,0.0001,0.0002,0.9996,0.0001,0.0027
18000,bob,default,0.0014,0.9786,0.0186,0.0014,0.0819
18000,carol,work,0.9977,0.0021,0.0001,0.0001,0.0122
18000,carol,home,0.0001,0.9994,0.0004,0.0001,0.0039
18000,carol,concert,0.0001,0.0003,0.9996,0.0001,0.0030
18000,carol,default,0.0013,0.9689,0.0284,0.0013,0.1079
18000,dave,work,0.9980,0.0018,0.0001,0.0001,0.0109
18000,dave,home,0.0001,0.9994,0.0004,0.0001,0.0039
18000,dave,concert,0.0001,0.0003,0.9996,0.0001,0.0030
18000,dave,default,0.0013,0.9701,0.0273,0.0013,0.1049
18500,alice,work,0.9988,0.0009,0.0003,0.0001,0.0073
18500,alice,home,0.0001,0.9997,0.0002,0.0001,0.0024
18500,alice,concert,0.0001,0.0001,0.9997,0.0001,0.0022
18500,alice,default,0.0015,0.9777,0.0194,0.0015,0.0847
18500,bob,work,0.9995,0.0003,0.0001,0.0001,0.0034
18500,bob,home,0.0001,0.9990,0.0001,0.0008,0.0059
18500,bob,concert,0.0001,0.0002,0.9996,0.0001,0.0026
18500,bob,default,0.0014,0.9789,0.0184,0.0014,0.0811
18500,carol,work,0.9978,0.0021,0.0001,0.0001,0.0119
18500,carol,home,0.0001,0.9994,0.0004,0.0001,0.0038
18500,carol,concert,0.0001,0.0003,0.9996,0.0001,0.0030
18500,carol,default,0.0013,0.9702,0.0273,0.0013,0.1043
18500,dave,work,0.9981,0.0018,0.0001,0.0001,0.0106
18500,dave,home,0.0001,0.9994,0.0004,0.0001,0.0038
18500,dave,concert,0.0001,0.0002,0.9996,0.0001,0.0029
18500,dave,default,0.0013,0.9710,0.0264,0.0013,0.1023
19000,alice,work,0.9988,0.0008,0.0002,0.0001,0.0071
19000,alice,home,0.0001,0.9997,0.0002,0.0001,0.0024
19000,alice,concert,0.0001,0.0001,0.9997,0.0001,0.0021
19000,alice,default,0.0014,0.9785,0.0187,0.0014,0.0824
19000,bob,work,0.9995,0.0003,0.0001,0.0001,0.0033
19000,bob,home,0.0001,0.9991,0.0001,0.0007,0.0058
19000,bob,concert,0.0001,0.0002,0.9996,0.0001,0.0026
19000,bob,default,0.0014,0.9792,0.0181,0.0014,0.0801
19000,carol,work,0.9978,0.0020,0.0001,0.0001,0.0116
19000,carol,home,0.0001,0.9995,0.0004,0.0001,0.0037
19000,carol,concert,0.0001,0.0003,0.9996,0.0001,0.0029
19000,carol,default,0.0012,0.9712,0.0263,0.0012,0.1015
19000,dave,work,0.9981,0.0017,0.0001,0.0001,0.0103
19000,dave,home,0.0001,0.9994,0.0004,0.0001,0.0037
19000,dave,concert,0.0001,0.0002,0.9996,0.0001,0.0028
19000,dave,default,0.0013,0.9716,0.0259,0.0013,0.1006
19500,alice,work,0.9989,0.0008,0.0002,0.0001,0.0069
19500,alice,home,0.0001,0.9997,0.0002,0.0001,0.0023
19500,alice,concert,0.0001,0.0001,0.9997,0.0001,0.0021
19500,alice,default,0.0014,0.9791,0.0182,0.0014,0.0806
19500,bob,work,0.9995,0.0003,0.0001,0.0001,0.0033
19500,bob,home,0.0001,0.9991,0.0001,0.0007,0.0057
19500,bob,concert,0.0001,0.0002,0.9997,0.0001,0.0025
19500,bob,default,0.0013,0.9799,0.0175,0.0013,0.0780
19500,carol,work,0.9979,0.0020,0.0001,0.0001,0.0114
19500,carol,home,0.0001,0.9995,0.0004,0.0001,0.0036
19500,carol,concert,0.0001,0.0002,0.9996,0.0001,0.0028
19500,carol,default,0.0012,0.9716,0.0259,0.0012,0.1003
19500,dave,work,0.9982,0.0017,0.0001,0.0001,0.0101
19500,dave,home,0.0001,0.9995,0.0004,0.0001,0.0036
19500,dave,concert,0.0001,0.0002,0.9996,0.0001,0.0028
19500,dave,default,0.0012,0.9724,0.0251,0.0012,0.0983
20000,alice,work,0.9989,0.0008,0.0002,0.0001,0.0068
20000,alice,home,0.0001,0.9997,0.0002,0.0001,0.0023
20000,alice,concert,0.0001,0.0001,0.9997,0.0001,0.0020
20000,alice,default,0.0013,0.9795,0.0178,0.0013,0.0792
20000,bob,work,0.9995,0.0003,0.0001,0.0001,0.0032
20000,bob,home,0.0001,0.9991,0.0001,0.0007,0.0055
20000,bob,concert,0.0001,0.0002,0.9997,0.0001,0.0025
20000,bob,default,0.0013,0.9803,0.0171,0.0013,0.0767
20000,carol,work,0.9979,0.0019,0.0001,0.0001,0.0111
20000,carol,home,0.0001,0.9995,0.0004,0.0001,0.0035
20000,carol,concert,0.0001,0.0002,0.9996,0.0001,0.0028
20000,carol,default,0.0012,0.9727,0.0250,0.0012,0.0973
20000,dave,work,0.9982,0.0016,0.0001,0.0001,0.0100
20000,dave,home,0.0001,0.9995,0.0004,0.0001,0.0036
20000,dave,concert,0.0001,0.0002,0.9996,0.0001,0.0027
20000,dave,default,0.0012,0.9730,0.0246,0.0012,0.0968
20500,alice,work,0.9989,0.0008,0.0002,0.0001,0.0066
20500,alice,home,0.0001,0.9997,0.0002,0.0001,0.0022
20500,alice,concert,0.0001,0.0001,0.9997,0.0001,0.0020
20500,alice,default,0.0013,0.9803,0.0171,0.0013,0.0768
20500,bob,work,0.9995,0.0003,0.0001,0.0001,0.0031
20500,bob,home,0.0001,0.9991,0.0001,0.0007,0.0054
20500,bob,concert,0.0001,0.0002,0.9997,0.0001,0.0024
20500,bob,default,0.0013,0.9806,0.0169,0.0013,0.0757
20500,carol,work,0.9980,0.0019,0.0001,0.0001,0.0109
20500,carol,home,0.0001,0.9995,0.0004,0.0001,0.0034
20500,carol,concert,0.0001,0.0002,0.9996,0.0001,0.0027
20500,carol,default,0.0012,0.9729,0.0247,0.0012,0.0966
20500,dave,work,0.9983,0.0016,0.0001,0.0001,0.0097
20500,dave,home,0.0001,0.9995,0.0004,0.0001,0.0035
20500,dave,concert,0.0001,0.0002,0.9996,0.0001,0.0026
20500,dave,default,0.0012,0.9740,0.0237,0.0012,0.0939
21000,alice,work,0.9990,0.0007,0.0002,0.0001,0.0065
21000,alice,home,0.0001,0.9997,0.0001,0.0001,0.0021
21000,alice,concert,0.0001,0.0001,0.9997,0.0001,0.0019
21000,alice,default,0.0013,0.9809,0.0166,0.0013,0.0749
21000,bob,work,0.9996,0.0003,0.0001,0.0001,0.0031
21000,bob,home,0.0001,0.9992,0.0001,0.0007,0.0053
21000,bob,concert,0.0001,0.0002,0.9997,0.0001,0.0023
21000,bob,default,0.0012,0.9810,0.0165,0.0012,0.0745
21000,carol,work,0.9980,0.0018,0.0001,0.0001,0.0107
21000,carol,home,0.0001,0.9995,0.0003,0.0001,0.0033
21000,carol,concert,0.0001,0.0002,0.9996,0.0001,0.0027
21000,carol,default,0.0011,0.9736,0.0242,0.0011,0.0948
21000,dave,work,0.9983,0.0016,0.0001,0.0001,0.0095
21000,dave,home,0.0001,0.9995,0.0004,0.0001,0.0034
21000,dave,concert,0.0001,0.0002,0.9996,0.0001,0.0026
21000,dave,default,0.0011,0.9746,0.0232,0.0011,0.0922
21500,alice,work,0.9990,0.0007,0.0002,0.0001,0.0063
21500,alice,home,0.0001,0.9997,0.0001,0.0001,0.0021
21500,alice,concert,0.0001,0.0001,0.9997,0.0001,0.0019
21500,alice,default,0.0012,0.9814,0.0161,0.0012,0.0731
21500,bob,work,0.9996,0.0003,0.0001,0.0001,0.0030
21500,bob,home,0.0001,0.9992,0.0001,0.0007,0.0052
21500,bob,concert,0.0001,0.0002,0.9997,0.0001,0.0023
21500,bob,default,0.0012,0.9815,0.0161,0.0012,0.0727
21500,carol,work,0.9981,0.0018,0.0001,0.0001,0.0105
21500,carol,home,0.0001,0.9995,0.0003,0.0001,0.0033
21500,carol,concert,0.0001,0.0002,0.9996,0.0001,0.0026
21500,carol,default,0.0011,0.9742,0.0236,0.0011,0.0931
21500,dave,work,0.9983,0.0015,0.0001,0.0001,0.0093
21500,dave,home,0.0001,0.9995,0.0003,0.0001,0.0033
21500,dave,concert,0.0001,0.0002,0.9996,0.0001,0.0025
21500,dave,default,0.0011,0.9749,0.0229,0.0011,0.0912
22000,alice,work,0.9990,0.0007,0.0002,0.0001,0.0062
22000,alice,home,0.0001,0.9997,0.0001,0.0001,0.0021
22000,alice,concert,0.0001,0.0001,0.9998,0.0001,0.0019
22000,alice,default,0.0012,0.9817,0.0159,0.0012,0.0723
22000,bob,work,0.9996,0.0003,0.0001,0.0001,0.0029
22000,bob,home,0.0001,0.9992,0.0001,0.0006,0.0051
22000,bob,concert,0.0001,0.0002,0.9997,0.0001,0.0022
22000,bob,default,0.0012,0.9819,0.0157,0.0012,0.0716
22000,carol,work,0.9981,0.0017,0.0001,0.0001,0.0103
22000,carol,home,0.0001,0.9995,0.0003,0.0001,0.0032
22000,carol,concert,0.0001,0.0002,0.9996,0.0001,0.0026
22000,carol,default,0.0011,0.9748,0.0230,0.0011,0.0912
22000,dave,work,0.9984,0.0015,0.0001,0.0001,0.0092
22000,dave,home,0.0001,0.9995,0.0003,0.0001,0.0033
22000,dave,concert,0.0001,0.0002,0.9997,0.0001,0.0025
22000,dave,default,0.0011,0.9757,0.0222,0.0011,0.0890
22500,alice,work,0.9990,0.0007,0.0002,0.0001,0.0061
22500,alice,home,0.0001,0.9997,0.0001,0.0001,0.0020
22500,alice,concert,0.0001,0.0001,0.9998,0.0001,0.0018
22500,alice,default,0.0012,0.9820,0.0156,0.0012,0.0712
22500,bob,work,0.9996,0.0003,0.0001,0.0001,0.0029
22500,bob,home,0.0001,0.9992,0.0001,0.0006,0.0050
22500,bob,concert,0.0001,0.0002,0.9997,0.0001,0.0022
22500,bob,default,0.0012,0.9822,0.0155,0.0012,0.0705
22500,carol,work,0.9982,0.0017,0.0001,0.0001,0.0101
22500,carol,home,0.0001,0.9995,0.0003,0.0001,0.0031
22500,carol,concert,0.0001,0.0002,0.9996,0.0001,0.0025
22500,carol,default,0.0011,0.9756,0.0223,0.0011,0.0891
22500,dave,work,0.9984,0.0015,0.0001,0.0001,0.0090
22500,dave,home,0.0001,0.9995,0.0003,0.0001,0.0032
22500,dave,concert,0.0001,0.0002,0.9997,0.0001,0.0025
22500,dave,default,0.0011,0.9762,0.0217,0.0011,0.0874
23000,alice,work,0.9990,0.0007,0.0002,0.0001,0.0060
23000,alice,home,0.0001,0.9997,0.0001,0.0001,0.0020
23000,alice,concert,0.0001,0.0001,0.9998,0.0001,0.0018
23000,alice,default,0.0012,0.9824,0.0153,0.0012,0.0698
23000,bob,work,0.9996,0.0003,0.0001,0.0001,0.0028
23000,bob,home,0.0001,0.9992,0.0001,0.0006,0.0049
23000,bob,concert,0.0001,0.0002,0.9997,0.0001,0.0021
23000,bob,default,0.0011,0.9825,0.0152,0.0011,0.0697
23000,carol,work,0.9982,0.0017,0.0001,0.0001,0.0099
23000,carol,home,0.0001,0.9996,0.0003,0.0001,0.0031
23000,carol,concert,0.0001,0.0002,0.9997,0.0001,0.0025
23000,carol,default,0.0010,0.9760,0.0220,0.0010,0.0879
23000,dave,work,0.9984,0.0014,0.0001,0.0001,0.0088
23000,dave,home,0.0001,0.9995,0.0003,0.0001,0.0031
23000,dave,concert,0.0001,0.0002,0.9997,0.0001,0.0024
23000,dave,default,0.0010,0.9770,0.0210,0.0010,0.0851
23500,alice,work,0.9991,0.0007,0.0002,0.0001,0.0059
23500,alice,home,0.0001,0.9997,0.0001,0.0001,0.0019
23500,alice,concert,0.0001,0.0001,0.9998,0.0001,0.0018
23500,alice,default,0.0011,0.9827,0.0150,0.0011,0.0690
23500,bob,work,0.9996,0.0003,0.0001,0.0001,0.0028
23500,bob,home,0.0001,0.9992,0.0001,0.0006,0.0048
23500,bob,concert,0.0001,0.0002,0.9997,0.0001,0.0021
23500,bob,default,0.0011,0.9831,0.0147,0.0011,0.0677
23500,carol,work,0.9982,0.0016,0.0001,0.0001,0.0097
23500,carol,home,0.0001,0.9996,0.0003,0.0001,0.0030
23500,carol,concert,0.0001,0.0002,0.9997,0.0001,0.0024
23500,carol,default,0.0010,0.9765,0.0215,0.0010,0.0864
23500,dave,work,0.9985,0.0014,0.0001,0.0001,0.0086
23500,dave,home,0.0001,0.9995,0.0003,0.0001,0.0031
23500,dave,concert,0.0001,0.0002,0.9997,0.0001,0.0024
23500,dave,default,0.0010,0.9773,0.0206,0.0010,0.0840
24000,alice,work,0.9991,0.0007,0.0002,0.0001,0.0057
24000,alice,home,0.0001,0.9997,0.0001,0.0001,0.0019
24000,alice,concert,0.0001,0.0001,0.9998,0.0001,0.0017
24000,alice,default,0.0011,0.9829,0.0148,0.0011,0.0683
24000,bob,work,0.9996,0.0003,0.0001,0.0001,0.0027
24000,bob,home,0.0001,0.9993,0.0001,0.0006,0.0047
24000,bob,concert,0.0001,0.0002,0.9997,0.0001,0.0021
24000,bob,default,0.0011,0.9837,0.0142,0.0011,0.0658
24000,carol,work,0.9983,0.0016,0.0001,0.0001,0.0095
24000,carol,home,0.0001,0.9996,0.0003,0.0001,0.0030
24000,carol,concert,0.0001,0.0002,0.9997,0.0001,0.0024
24000,carol,default,0.0010,0.9767,0.0213,0.0010,0.0856
24000,dave,work,0.9985,0.0014,0.0001,0.0001,0.0084
24000,dave,home,0.0001,0.9996,0.0003,0.0001,0.0030
24000,dave,concert,0.0001,0.0002,0.9997,0.0001,0.0023
24000,dave,default,0.0010,0.9779,0.0202,0.0010,0.0824
24500,alice,work,0.9991,0.0006,0.0002,0.0001,0.0056
24500,alice,home,0.0001,0.9997,0.0001,0.0001,0.0019
24500,alice,concert,0.0001,0.0001,0.9998,0.0001,0.0017
24500,alice,default,0.0011,0.9834,0.0145,0.0011,0.0668
24500,bob,work,0.9996,0.0003,0.0001,0.0001,0.0027
24500,bob,home,0.0001,0.9993,0.0001,0.0006,0.0047
24500,bob,concert,0.0001,0.0002,0.9997,0.0001,0.0020
24500,bob,default,0.0011,0.9838,0.0141,0.0011,0.0654
24500,carol,work,0.9983,0.0016,0.0001,0.0001,0.0093
24500,carol,home,0.0001,0.9996,0.0003,0.0001,0.0029
24500,carol,concert,0.0001,0.0002,0.9997,0.0001,0.0023
24500,carol,default,0.0010,0.9775,0.0206,0.0010,0.0835
24500,dave,work,0.9985,0.0013,0.0001,0.0001,0.0083
24500,dave,home,0.0001,0.9996,0.0003,0.0001,0.0030
24500,dave,concert,0.0001,0.0002,0.9997,0.0001,0.0023
24500,dave,default,0.0010,0.9782,0.0198,0.0010,0.0814
25000,alice,work,0.9991,0.0006,0.0002,0.0001,0.0056
25000,alice,home,0.0001,0.9998,0.0001,0.0001,0.0018
25000,alice,concert,0.0001,0.0001,0.9998,0.0001,0.0017
25000,alice,default,0.0011,0.9837,0.0141,0.0011,0.0656
25000,bob,work,0.9996,0.0002,0.0001,0.0001,0.0026
25000,bob,home,0.0001,0.9993,0.0001,0.0006,0.0046
25000,bob,concert,0.0001,0.0002,0.9997,0.0001,0.0020
25000,bob,default,0.0010,0.9841,0.0138,0.0010,0.0642
25000,carol,work,0.9984,0.0015,0.0001,0.0001,0.0092
25000,carol,home,0.0001,0.9996,0.0003,0.0001,0.0029
25000,carol,concert,0.0001,0.0002,0.9997,0.0001,0.0023
25000,carol,default,0.0010,0.9778,0.0203,0.0010,0.0825
25000,dave,work,0.9986,0.0013,0.0001,0.0001,0.0082
25000,dave,home,0.0001,0.9996,0.0003,0.0001,0.0029
25000,dave,concert,0.0001,0.0002,0.9997,0.0001,0.0022
25000,dave,default,0.0010,0.9787,0.0194,0.0010,0.0799
25500,alice,work,0.9991,0.0006,0.0002,0.0001,0.0054
25500,alice,home,0.0001,0.9998,0.0001,0.0001,0.0018
25500,alice,concert,0.0001,0.0001,0.9998,0.0001,0.0016
25500,alice,default,0.0011,0.9839,0.0140,0.0011,0.0650
25500,bob,work,0.9996,0.0002,0.0001,0.0001,0.0026
25500,bob,home,0.0001,0.9993,0.0001,0.0006,0.0045
25500,bob,concert,0.0001,0.0001,0.9997,0.0001,0.0019
25500,bob,default,0.0010,0.9843,0.0136,0.0010,0.0636
25500,carol,work,0.9984,0.0015,0.0001,0.0001,0.0090
25500,carol,home,0.0001,0.9996,0.0003,0.0001,0.0028
25500,carol,concert,0.0001,0.0002,0.9997,0.0001,0.0023
25500,carol,default,0.0009,0.9784,0.0198,0.0009,0.0807
25500,dave,work,0.9986,0.0013,0.0001,0.0001,0.0080
25500,dave,home,0.0001,0.9996,0.0003,0.0001,0.0029
25500,dave,concert,0.0001,0.0002,0.9997,0.0001,0.0022
25500,dave,default,0.0009,0.9793,0.0189,0.0009,0.0782
26000,alice,work,0.9992,0.0006,0.0002,0.0001,0.0054
26000,alice,home,0.0001,0.9998,0.0001,0.0001,0.0018
26000,alice,concert,0.0001,0.0001,0.9998,0.0001,0.0016
26000,alice,default,0.0010,0.9843,0.0137,0.0010,0.0639
26000,bob,work,0.9996,0.0002,0.0001,0.0001,0.0025
26000,bob,home,0.0001,0.9993,0.0001,0.0005,0.0044
26000,bob,concert,0.0001,0.0001,0.9997,0.0001,0.0019
26000,bob,default,0.0010,0.9848,0.0132,0.0010,0.0621
26000,carol,work,0.9984,0.0015,0.0001,0.0001,0.0089
26000,carol,home,0.0001,0.9996,0.0003,0.0001,0.0028
26000,carol,concert,0.0001,0.0002,0.9997,0.0001,0.0022
26000,carol,default,0.0009,0.9788,0.0194,0.0009,0.0795
26000,dave,work,0.9986,0.0013,0.0001,0.0001,0.0079
26000,dave,home,0.0001,0.9996,0.0003,0.0001,0.0028
26000,dave,concert,0.0001,0.0002,0.9997,0.0001,0.0022
26000,dave,default,0.0009,0.9795,0.0187,0.0009,0.0775
26500,alice,work,0.9992,0.0006,0.0002,0.0001,0.0053
26500,alice,home,0.0001,0.9998,0.0001,0.0001,0.0018
26500,alice,concert,0.0001,0.0001,0.9998,0.0001,0.0016
26500,alice,default,0.0010,0.9846,0.0134,0.0010,0.0628
26500,bob,work,0.9997,0.0002,0.0001,0.0001,0.0025
26500,bob,home,0.0001,0.9993,0.0001,0.0005,0.0043
26500,bob,concert,0.0001,0.0001,0.9997,0.0001,0.0019
26500,bob,default,0.0010,0.9851,0.0129,0.0010,0.0609
26500,carol,work,0.9984,0.0014,0.0001,0.0001,0.0087
26500,carol,home,0.0001,0.9996,0.0003,0.0001,0.0027
26500,carol,concert,0.0001,0.0002,0.9997,0.0001,0.0022
26500,carol,default,0.0009,0.9792,0.0190,0.0009,0.0782
26500,dave,work,0.9986,0.0012,0.0001,0.0001,0.0078
26500,dave,home,0.0001,0.9996,0.0003,0.0001,0.0028
26500,dave,concert,0.0001,0.0002,0.9997,0.0001,0.0021
26500,dave,default,0.0009,0.9797,0.0185,0.0009,0.0768
27000,alice,work,0.9992,0.0006,0.0002,0.0001,0.0052
27000,alice,home,0.0001,0.9998,0.0001,0.0001,0.0017
27000,alice,concert,0.0001,0.0001,0.9998,0.0001,0.0016
27000,alice,default,0.0010,0.9850,0.0130,0.0010,0.0614
27000,bob,work,0.9997,0.0002,0.0001,0.0001,0.0024
27000,bob,home,0.0001,0.9993,0.0001,0.0005,0.0042
27000,bob,concert,0.0001,0.0001,0.9998,0.0001,0.0018
27000,bob,default,0.0010,0.9854,0.0127,0.0010,0.0600
27000,carol,work,0.9985,0.0014,0.0001,0.0001,0.0086
27000,carol,home,0.0001,0.9996,0.0003,0.0001,0.0027
27000,carol,concert,0.0001,0.0002,0.9997,0.0001,0.0022
27000,carol,default,0.0009,0.9796,0.0187,0.0009,0.0770
27000,dave,work,0.9987,0.0012,0.0001,0.0001,0.0076
27000,dave,home,0.0001,0.9996,0.0003,0.0001,0.0027
27000,dave,concert,0.0001,0.0002,0.9997,0.0001,0.0021
27000,dave,default,0.0009,0.9799,0.0183,0.0009,0.0762
27500,alice,work,0.9992,0.0006,0.0002,0.0001,0.0051
27500,alice,home,0.0001,0.9998,0.0001,0.0001,0.0017
27500,alice,concert,0.0001,0.0001,0.9998,0.0001,0.0015
27500,alice,default,0.0010,0.9853,0.0127,0.0010,0.0602
27500,bob,work,0.9997,0.0002,0.0001,0.0001,0.0024
27500,bob,home,0.0001,0.9994,0.0001,0.0005,0.0042
27500,bob,concert,0.0001,0.0001,0.9998,0.0001,0.0018
27500,bob,default,0.0009,0.9857,0.0124,0.0009,0.0590
27500,carol,work,0.9985,0.0014,0.0001,0.0001,0.0084
27500,carol,home,0.0001,0.9996,0.0003,0.0001,0.0026
27500,carol,concert,0.0001,0.0002,0.9997,0.0001,0.0021
27500,carol,default,0.0009,0.9799,0.0184,0.0009,0.0762
27500,dave,work,0.9987,0.0012,0.0001,0.0001,0.0075
27500,dave,home,0.0001,0.9996,0.0003,0.0001,0.0027
27500,dave,concert,0.0001,0.0002,0.9997,0.0001,0.0021
27500,dave,default,0.0009,0.9803,0.0180,0.0009,0.0751
28000,alice,work,0.9992,0.0006,0.0002,0.0001,0.0050
28000,alice,home,0.0001,0.9998,0.0001,0.0001,0.0017
28000,alice,concert,0.0001,0.0001,0.9998,0.0001,0.0015
28000,alice,default,0.0009,0.9857,0.0124,0.0009,0.0591
28000,bob,work,0.9997,0.0002,0.0001,0.0001,0.0024
28000,bob,home,0.0001,0.9994,0.0001,0.0005,0.0041
28000,bob,concert,0.0001,0.0001,0.9998,0.0001,0.0018
28000,bob,default,0.0009,0.9859,0.0122,0.0009,0.0582
28000,carol,work,0.9985,0.0014,0.0001,0.0001,0.0083
28000,carol,home,0.0001,0.9996,0.0003,0.0001,0.0026
28000,carol,concert,0.0001,0.0002,0.9997,0.0001,0.0021
28000,carol,default,0.0009,0.9802,0.0181,0.0009,0.0753
28000,dave,work,0.9987,0.0012,0.0001,0.0001,0.0074
28000,dave,home,0.0001,0.9996,0.0003,0.0001,0.0027
28000,dave,concert,0.0001,0.0002,0.9997,0.0001,0.0020
28000,dave,default,0.0009,0.9806,0.0176,0.0009,0.0740
28500,alice,work,0.9992,0.0005,0.0002,0.0001,0.0049
28500,alice,home,0.0001,0.9998,0.0001,0.0001,0.0016
28500,alice,concert,0.0001,0.0001,0.9998,0.0001,0.0015
28500,alice,default,0.0009,0.9860,0.0122,0.0009,0.0580
28500,bob,work,0.9997,0.0002,0.0001,0.0001,0.0023
28500,bob,home,0.0001,0.9994,0.0001,0.0005,0.0041
28500,bob,concert,0.0001,0.0001,0.9998,0.0001,0.0018
28500,bob,default,0.0009,0.9862,0.0120,0.0009,0.0573
28500,carol,work,0.9986,0.0013,0.0001,0.0001,0.0082
28500,carol,home,0.0001,0.9996,0.0003,0.0001,0.0025
28500,carol,concert,0.0001,0.0002,0.9997,0.0001,0.0020
28500,carol,default,0.0008,0.9804,0.0179,0.0008,0.0745
28500,dave,work,0.9987,0.0011,0.0001,0.0001,0.0073
28500,dave,home,0.0001,0.9996,0.0003,0.0001,0.0026
28500,dave,concert,0.0001,0.0002,0.9997,0.0001,0.0020
28500,dave,default,0.0009,0.9810,0.0173,0.0009,0.0730
29000,alice,work,0.9992,0.0005,0.0002,0.0001,0.0049
29000,alice,home,0.0001,0.9998,0.0001,0.0001,0.0016
29000,alice,concert,0.0001,0.0001,0.9998,0.0001,0.0014
29000,alice,default,0.0009,0.9863,0.0119,0.0009,0.0570
29000,bob,work,0.9997,0.0002,0.0001,0.0001,0.0023
29000,bob,home,0.0001,0.9994,0.0001,0.0005,0.0040
29000,bob,concert,0.0001,0.0001,0.9998,0.0001,0.0017
29000,bob,default,0.0009,0.9863,0.0119,0.0009,0.0569
29000,carol,work,0.9986,0.0013,0.0001,0.0001,0.0081
29000,carol,home,0.0001,0.9996,0.0003,0.0001,0.0025
29000,carol,concert,0.0001,0.0002,0.9997,0.0001,0.0020
29000,carol,default,0.0008,0.9807,0.0176,0.0008,0.0735
29000,dave,work,0.9988,0.0011,0.0001,0.0001,0.0072
29000,dave,home,0.0001,0.9996,0.0003,0.0001,0.0026
29000,dave,concert,0.0001,0.0002,0.9997,0.0001,0.0020
29000,dave,default,0.0008,0.9814,0.0169,0.0008,0.0716
29500,alice,work,0.9993,0.0005,0.0002,0.0001,0.0048
29500,alice,home,0.0001,0.9998,0.0001,0.0001,0.0016
29500,alice,concert,0.0001,0.0001,0.9998,0.0001,0.0014
29500,alice,default,0.0009,0.9865,0.0117,0.0009,0.0561
29500,bob,work,0.9997,0.0002,0.0001,0.0001,0.0022
29500,bob,home,0.0001,0.9994,0.0001,0.0005,0.0039
29500,bob,concert,0.0001,0.0001,0.9998,0.0001,0.0017
29500,bob,default,0.0009,0.9865,0.0117,0.0009,0.0563
29500,carol,work,0.9986,0.0013,0.0001,0.0001,0.0079
29500,carol,home,0.0001,0.9996,0.0002,0.0001,0.0025
29500,carol,concert,0.0001,0.0002,0.9997,0.0001,0.0020
29500,carol,default,0.0008,0.9811,0.0173,0.0008,0.0724
29500,dave,work,0.9988,0.0011,0.0001,0.0001,0.0071
29500,dave,home,0.0001,0.9996,0.0003,0.0001,0.0025
29500,dave,concert,0.0001,0.0002,0.9997,0.0001,0.0019
29500,dave,default,0.0008,0.9817,0.0167,0.0008,0.0707
30000,alice,work,0.9993,0.0005,0.0002,0.0001,0.0047
30000,alice,home,0.0001,0.9998,0.0001,0.0001,0.0016
30000,alice,concert,0.0001,0.0001,0.9998,0.0001,0.0014
30000,alice,default,0.0009,0.9868,0.0115,0.0009,0.0552
30000,bob,work,0.9997,0.0002,0.0001,0.0001,0.0022
30000,bob,home,0.0001,0.9994,0.0001,0.0005,0.0039
30000,bob,concert,0.0000,0.0001,0.9998,0.0000,0.0017
30000,bob,default,0.0009,0.9867,0.0115,0.0009,0.0555
30000,carol,work,0.9986,0.0013,0.0000,0.0000,0.0078
30000,carol,home,0.0001,0.9997,0.0002,0.0001,0.0024
30000,carol,concert,0.0001,0.0002,0.9997,0.0001,0.0019
30000,carol,default,0.0008,0.9815,0.0169,0.0008,0.0712
30000,dave,work,0.9988,0.0011,0.0001,0.0001,0.0070
30000,dave,home,0.0001,0.9996,0.0003,0.0001,0.0025
30000,dave,concert,0.0001,0.0002,0.9997,0.0001,0.0019
30000,dave,default,0.0008,0.9819,0.0165,0.0008,0.0701
30500,alice,work,0.9993,0.0005,0.0002,0.0001,0.0046
30500,alice,home,0.0001,0.9998,0.0001,0.0001,0.0016
30500,alice,concert,0.0000,0.0001,0.9998,0.0000,0.0014
30500,alice,default,0.0008,0.9871,0.0112,0.0008,0.0542
30500,bob,work,0.9997,0.0002,0.0001,0.0001,0.0022
30500,bob,home,0.0001,0.9994,0.0001,0.0005,0.0038
30500,bob,concert,0.0000,0.0001,0.9998,0.0000,0.0017
30500,bob,default,0.0009,0.9868,0.0115,0.0009,0.0552
30500,carol,work,0.9987,0.0013,0.0000,0.0000,0.0077
30500,carol,home,0.0001,0.9997,0.0002,0.0001,0.0024
30500,carol,concert,0.0001,0.0002,0.9997,0.0001,0.0019
30500,carol,default,0.0008,0.9819,0.0166,0.0008,0.0700
30500,dave,work,0.9988,0.0011,0.0000,0.0000,0.0069
30500,dave,home,0.0001,0.9997,0.0002,0.0001,0.0025
30500,dave,concert,0.0000,0.0002,0.9997,0.0000,0.0019
30500,dave,default,0.0008,0.9822,0.0162,0.0008,0.0692
31000,alice,work,0.9993,0.0005,0.0001,0.0001,0.0046
31000,alice,home,0.0001,0.9998,0.0001,0.0001,0.0015
31000,alice,concert,0.0000,0.0001,0.9998,0.0000,0.0014
31000,alice,default,0.0008,0.9873,0.0110,0.0008,0.0533
31000,bob,work,0.9997,0.0002,0.0000,0.0001,0.0021
31000,bob,home,0.0001,0.9994,0.0001,0.0005,0.0038
31000,bob,concert,0.0000,0.0001,0.9998,0.0000,0.0016
31000,bob,default,0.0008,0.9871,0.0112,0.0008,0.0542
31000,carol,work,0.9987,0.0012,0.0000,0.0000,0.0076
31000,carol,home,0.0000,0.9997,0.0002,0.0000,0.0024
31000,carol,concert,0.0000,0.0002,0.9997,0.0000,0.0019
31000,carol,default,0.0008,0.9821,0.0164,0.0008,0.0695
31000,dave,work,0.9988,0.0011,0.0000,0.0000,0.0068
31000,dave,home,0.0001,0.9997,0.0002,0.0001,0.0024
31000,dave,concert,0.0000,0.0002,0.9998,0.0000,0.0018
31000,dave,default,0.0008,0.9825,0.0160,0.0008,0.0683
31500,alice,work,0.9993,0.0005,0.0001,0.0000,0.0045
31500,alice,home,0.0000,0.9998,0.0001,0.0000,0.0015
31500,alice,concert,0.0000,0.0001,0.9998,0.0000,0.0013
31500,alice,default,0.0008,0.9876,0.0108,0.0008,0.0526
31500,bob,work,0.9997,0.0002,0.0000,0.0000,0.0021
31500,bob,home,0.0001,0.9994,0.0000,0.0005,0.0037
31500,bob,concert,0.0000,0.0001,0.9998,0.0000,0.0016
31500,bob,default,0.0008,0.9873,0.0110,0.0008,0.0535
31500,carol,work,0.9987,0.0012,0.0000,0.0000,0.0075
31500,carol,home,0.0000,0.9997,0.0002,0.0000,0.0023
31500,carol,concert,0.0000,0.0002,0.9997,0.0000,0.0018
31500,carol,default,0.0008,0.9823,0.0162,0.0008,0.0686
31500,dave,work,0.9989,0.0010,0.0000,0.0000,0.0067
31500,dave,home,0.0000,0.9997,0.0002,0.0000,0.0024
31500,dave,concert,0.0000,0.0001,0.9998,0.0000,0.0018
31500,dave,default,0.0008,0.9827,0.0157,0.0008,0.0675
32000,alice,work,0.9993,0.0005,0.0001,0.0000,0.0045
32000,alice,home,0.0000,0.9998,0.0001,0.0000,0.0015
32000,alice,concert,0.0000,0.0001,0.9998,0.0000,0.0013
32000,alice,default,0.0008,0.9877,0.0107,0.0008,0.0522
32000,bob,work,0.9997,0.0002,0.0000,0.0000,0.0021
32000,bob,home,0.0001,0.9994,0.0000,0.0004,0.0036
32000,bob,concert,0.0000,0.0001,0.9998,0.0000,0.0016
32000,bob,default,0.0008,0.9875,0.0108,0.0008,0.0526
32000,carol,work,0.9987,0.0012,0.0000,0.0000,0.0074
32000,carol,home,0.0000,0.9997,0.0002,0.0000,0.0023
32000,carol,concert,0.0000,0.0002,0.9998,0.0000,0.0018
32000,carol,default,0.0008,0.9825,0.0160,0.0008,0.0679
32000,dave,work,0.9989,0.0010,0.0000,0.0000,0.0066
32000,dave,home,0.0000,0.9997,0.0002,0.0000,0.0023
32000,dave,concert,0.0000,0.0001,0.9998,0.0000,0.0018
32000,dave,default,0.0008,0.9831,0.0154,0.0008,0.0663
32500,alice,work,0.9993,0.0005,0.0001,0.0000,0.0044
32500,alice,home,0.0000,0.9998,0.0001,0.0000,0.0015
32500,alice,concert,0.0000,0.0001,0.9998,0.0000,0.0013
32500,alice,default,0.0008,0.9879,0.0105,0.0008,0.0512
32500,bob,work,0.9997,0.0002,0.0000,0.0000,0.0021
32500,bob,home,0.0001,0.9995,0.0000,0.0004,0.0036
32500,bob,concert,0.0000,0.0001,0.9998,0.0000,0.0016
32500,bob,default,0.0008,0.9877,0.0107,0.0008,0.0522
32500,carol,work,0.9987,0.0012,0.0000,0.0000,0.0073
32500,carol,home,0.0000,0.9997,0.0002,0.0000,0.0023
32500,carol,concert,0.0000,0.0001,0.9998,0.0000,0.0018
32500,carol,default,0.0007,0.9827,0.0158,0.0007,0.0673
32500,dave,work,0.9989,0.0010,0.0000,0.0000,0.0065
32500,dave,home,0.0000,0.9997,0.0002,0.0000,0.0023
32500,dave,concert,0.0000,0.0001,0.9998,0.0000,0.0018
32500,dave,default,0.0007,0.9834,0.0151,0.0007,0.0653
33000,alice,work,0.9993,0.0005,0.0001,0.0000,0.0044
33000,alice,home,0.0000,0.9998,0.0001,0.0000,0.0014
33000,alice,concert,0.0000,0.0001,0.9998,0.0000,0.0013
33000,alice,default,0.0008,0.9881,0.0103,0.0008,0.0507
33000,bob,work,0.9997,0.0002,0.0000,0.0000,0.0020
33000,bob,home,0.0001,0.9995,0.0000,0.0004,0.0036
33000,bob,concert,0.0000,0.0001,0.9998,0.0000,0.0015
33000,bob,default,0.0008,0.9878,0.0106,0.0008,0.0516
33000,carol,work,0.9987,0.0012,0.0000,0.0000,0.0072
33000,carol,home,0.0000,0.9997,0.0002,0.0000,0.0022
33000,carol,concert,0.0000,0.0001,0.9998,0.0000,0.0018
33000,carol,default,0.0007,0.9830,0.0155,0.0007,0.0663
33000,dave,work,0.9989,0.0010,0.0000,0.0000,0.0064
33000,dave,home,0.0000,0.9997,0.0002,0.0000,0.0023
33000,dave,concert,0.0000,0.0001,0.9998,0.0000,0.0017
33000,dave,default,0.0007,0.9837,0.0149,0.0007,0.0644
33500,alice,work,0.9993,0.0005,0.0001,0.0000,0.0043
33500,alice,home,0.0000,0.9998,0.0001,0.0000,0.0014
33500,alice,concert,0.0000,0.0001,0.9998,0.0000,0.0013
33500,alice,default,0.0008,0.9883,0.0102,0.0008,0.0501
33500,bob,work,0.9997,0.0002,0.0000,0.0000,0.0020
33500,bob,home,0.0001,0.9995,0.0000,0.0004,0.0035
33500,bob,concert,0.0000,0.0001,0.9998,0.0000,0.0015
33500,bob,default,0.0008,0.9881,0.0104,0.0008,0.0507
33500,carol,work,0.9988,0.0011,0.0000,0.0000,0.0071
33500,carol,home,0.0000,0.9997,0.0002,0.0000,0.0022
33500,carol,concert,0.0000,0.0001,0.9998,0.0000,0.0017
33500,carol,default,0.0007,0.9833,0.0153,0.0007,0.0655
33500,dave,work,0.9989,0.0010,0.0000,0.0000,0.0063
33500,dave,home,0.0000,0.9997,0.0002,0.0000,0.0023
33500,dave,concert,0.0000,0.0001,0.9998,0.0000,0.0017
33500,dave,default,0.0007,0.9838,0.0147,0.0007,0.0639
34000,alice,work,0.9994,0.0005,0.0001,0.0000,0.0042
34000,alice,home,0.0000,0.9998,0.0001,0.0000,0.0014
34000,alice,concert,0.0000,0.0001,0.9998,0.0000,0.0012
34000,alice,default,0.0008,0.9884,0.0101,0.0008,0.0497
34000,bob,work,0.9997,0.0002,0.0000,0.0000,0.0020
34000,bob,home,0.0001,0.9995,0.0000,0.0004,0.0035
34000,bob,concert,0.0000,0.0001,0.9998,0.0000,0.0015
34000,bob,default,0.0008,0.9883,0.0102,0.0008,0.0501
34000,carol,work,0.9988,0.0011,0.0000,0.0000,0.0070
34000,carol,home,0.0000,0.9997,0.0002,0.0000,0.0022
34000,carol,concert,0.0000,0.0001,0.9998,0.0000,0.0017
34000,carol,default,0.0007,0.9835,0.0151,0.0007,0.0649
34000,dave,work,0.9989,0.0010,0.0000,0.0000,0.0062
34000,dave,home,0.0000,0.9997,0.0002,0.0000,0.0022
34000,dave,concert,0.0000,0.0001,0.9998,0.0000,0.0017
34000,dave,default,0.0007,0.9842,0.0144,0.0007,0.0628
34500,alice,work,0.9994,0.0005,0.0001,0.0000,0.0042
34500,alice,home,0.0000,0.9998,0.0001,0.0000,0.0014
34500,alice,concert,0.0000,0.0001,0.9998,0.0000,0.0012
34500,alice,default,0.0008,0.9885,0.0100,0.0008,0.0493
34500,bob,work,0.9997,0.0002,0.0000,0.0000,0.0020
34500,bob,home,0.0001,0.9995,0.0000,0.0004,0.0034
34500,bob,concert,0.0000,0.0001,0.9998,0.0000,0.0015
34500,bob,default,0.0008,0.9884,0.0101,0.0008,0.0497
34500,carol,work,0.9988,0.0011,0.0000,0.0000,0.0069
34500,carol,home,0.0000,0.9997,0.0002,0.0000,0.0021
34500,carol,concert,0.0000,0.0001,0.9998,0.0000,0.0017
34500,carol,default,0.0007,0.9838,0.0148,0.0007,0.0640
34500,dave,work,0.9990,0.0010,0.0000,0.0000,0.0062
34500,dave,home,0.0000,0.9997,0.0002,0.0000,0.0022
34500,dave,concert,0.0000,0.0001,0.9998,0.0000,0.0017
34500,dave,default,0.0007,0.9845,0.0141,0.0007,0.0616
35000,alice,work,0.9994,0.0005,0.0001,0.0000,0.0041
35000,alice,home,0.0000,0.9998,0.0001,0.0000,0.0014
35000,alice,concert,0.0000,0.0001,0.9998,0.0000,0.0012
35000,alice,default,0.0007,0.9887,0.0098,0.0007,0.0487
35000,bob,work,0.9997,0.0002,0.0000,0.0000,0.0019
35000,bob,home,0.0001,0.9995,0.0000,0.0004,0.0034
35000,bob,concert,0.0000,0.0001,0.9998,0.0000,0.0015
35000,bob,default,0.0008,0.9885,0.0100,0.0008,0.0493
35000,carol,work,0.9988,0.0011,0.0000,0.0000,0.0068
35000,carol,home,0.0000,0.9997,0.0002,0.0000,0.0021
35000,carol,concert,0.0000,0.0001,0.9998,0.0000,0.0017
35000,carol,default,0.0007,0.9840,0.0146,0.0007,0.0633
35000,dave,work,0.9990,0.0009,0.0000,0.0000,0.0061
35000,dave,home,0.0000,0.9997,0.0002,0.0000,0.0022
35000,dave,concert,0.0000,0.0001,0.9998,0.0000,0.0016
35000,dave,default,0.0007,0.9848,0.0138,0.0007,0.0607
35500,alice,work,0.9994,0.0004,0.0001,0.0000,0.0041
35500,alice,home,0.0000,0.9998,0.0001,0.0000,0.0013
35500,alice,concert,0.0000,0.0001,0.9998,0.0000,0.0012
35500,alice,default,0.0007,0.9887,0.0098,0.0007,0.0486
35500,bob,work,0.9997,0.0002,0.0000,0.0000,0.0019
35500,bob,home,0.0001,0.9995,0.0000,0.0004,0.0033
35500,bob,concert,0.0000,0.0001,0.9998,0.0000,0.0015
35500,bob,default,0.0007,0.9887,0.0098,0.0007,0.0485
35500,carol,work,0.9988,0.0011,0.0000,0.0000,0.0068
35500,carol,home,0.0000,0.9997,0.0002,0.0000,0.0021
35500,carol,concert,0.0000,0.0001,0.9998,0.0000,0.0017
35500,carol,default,0.0007,0.9843,0.0144,0.0007,0.0623
35500,dave,work,0.9990,0.0009,0.0000,0.0000,0.0060
35500,dave,home,0.0000,0.9997,0.0002,0.0000,0.0021
35500,dave,concert,0.0000,0.0001,0.9998,0.0000,0.0016
35500,dave,default,0.0007,0.9850,0.0136,0.0007,0.0600
36000,alice,work,0.9994,0.0004,0.0001,0.0000,0.0040
36000,alice,home,0.0000,0.9998,0.0001,0.0000,0.0013
36000,alice,concert,0.0000,0.0001,0.9998,0.0000,0.0012
36000,alice,default,0.0007,0.9888,0.0097,0.0007,0.0481
36000,bob,work,0.9997,0.0002,0.0000,0.0000,0.0019
36000,bob,home,0.0001,0.9995,0.0000,0.0004,0.0033
36000,bob,concert,0.0000,0.0001,0.9998,0.0000,0.0014
36000,bob,default,0.0007,0.9889,0.0096,0.0007,0.0478
36000,carol,work,0.9989,0.0011,0.0000,0.0000,0.0067
36000,carol,home,0.0000,0.9997,0.0002,0.0000,0.0021
36000,carol,concert,0.0000,0.0001,0.9998,0.0000,0.0016
36000,carol,default,0.0007,0.9846,0.0141,0.0007,0.0613
36000,dave,work,0.9990,0.0009,0.0000,0.0000,0.0060
36000,dave,home,0.0000,0.9997,0.0002,0.0000,0.0021
36000,dave,concert,0.0000,0.0001,0.9998,0.0000,0.0016
36000,dave,default,0.0007,0.9851,0.0136,0.0007,0.0597
36500,alice,work,0.9994,0.0004,0.0001,0.0000,0.0040
36500,alice,home,0.0000,0.9998,0.0001,0.0000,0.0013
36500,alice,concert,0.0000,0.0001,0.9999,0.0000,0.0012
36500,alice,default,0.0007,0.9891,0.0095,0.0007,0.0473
36500,bob,work,0.9997,0.0002,0.0000,0.0000,0.0019
36500,bob,home,0.0001,0.9995,0.0000,0.0004,0.0032
36500,bob,concert,0.0000,0.0001,0.9998,0.0000,0.0014
36500,bob,default,0.0007,0.9890,0.0096,0.0007,0.0475
36500,carol,work,0.9989,0.0010,0.0000,0.0000,0.0066
36500,carol,home,0.0000,0.9997,0.0002,0.0000,0.0020
36500,carol,concert,0.0000,0.0001,0.9998,0.0000,0.0016
36500,carol,default,0.0007,0.9848,0.0139,0.0007,0.0607
36500,dave,work,0.9990,0.0009,0.0000,0.0000,0.0059
36500,dave,home,0.0000,0.9997,0.0002,0.0000,0.0021
36500,dave,concert,0.0000,0.0001,0.9998,0.0000,0.0016
36500,dave,default,0.0007,0.9854,0.0133,0.0007,0.0588
37000,alice,work,0.9994,0.0004,0.0001,0.0000,0.0039
37000,alice,home,0.0000,0.9998,0.0001,0.0000,0.0013
37000,alice,concert,0.0000,0.0001,0.9999,0.0000,0.0012
37000,alice,default,0.0007,0.9892,0.0093,0.0007,0.0466
37000,bob,work,0.9997,0.0002,0.0000,0.0000,0.0018
37000,bob,home,0.0001,0.9995,0.0000,0.0004,0.0032
37000,bob,concert,0.0000,0.0001,0.9998,0.0000,0.0014
37000,bob,default,0.0007,0.9891,0.0095,0.0007,0.0471
37000,carol,work,0.9989,0.0010,0.0000,0.0000,0.0065
37000,carol,home,0.0000,0.9997,0.0002,0.0000,0.0020
37000,carol,concert,0.0000,0.0001,0.9998,0.0000,0.0016
37000,carol,default,0.0006,0.9849,0.0138,0.0006,0.0603
37000,dave,work,0.9990,0.0009,0.0000,0.0000,0.0058
37000,dave,home,0.0000,0.9997,0.0002,0.0000,0.0021
37000,dave,concert,0.0000,0.0001,0.9998,0.0000,0.0016
37000,dave,default,0.0006,0.9856,0.0131,0.0006,0.0580
37500,alice,work,0.9994,0.0004,0.0001,0.0000,0.0039
37500,alice,home,0.0000,0.9998,0.0001,0.0000,0.0013
37500,alice,concert,0.0000,0.0001,0.9999,0.0000,0.0011
37500,alice,default,0.0007,0.9895,0.0091,0.0007,0.0458
37500,bob,work,0.9998,0.0002,0.0000,0.0000,0.0018
37500,bob,home,0.0001,0.9995,0.0000,0.0004,0.0032
37500,bob,concert,0.0000,0.0001,0.9998,0.0000,0.0014
37500,bob,default,0.0007,0.9892,0.0094,0.0007,0.0466
37500,carol,work,0.9989,0.0010,0.0000,0.0000,0.0064
37500,carol,home,0.0000,0.9997,0.0002,0.0000,0.0020
37500,carol,concert,0.0000,0.0001,0.9998,0.0000,0.0016
37500,carol,default,0.0006,0.9850,0.0137,0.0006,0.0598
37500,dave,work,0.9990,0.0009,0.0000,0.0000,0.0057
37500,dave,home,0.0000,0.9997,0.0002,0.0000,0.0020
37500,dave,concert,0.0000,0.0001,0.9998,0.0000,0.0015
37500,dave,default,0.0006,0.9858,0.0129,0.0006,0.0575
38000,alice,work,0.9994,0.0004,0.0001,0.0000,0.0038
38000,alice,home,0.0000,0.9998,0.0001,0.0000,0.0013
38000,alice,concert,0.0000,0.0001,0.9999,0.0000,0.0011
38000,alice,default,0.0007,0.9896,0.0090,0.0007,0.0452
38000,bob,work,0.9998,0.0002,0.0000,0.0000,0.0018
38000,bob,home,0.0001,0.9995,0.0000,0.0004,0.0031
38000,bob,concert,0.0000,0.0001,0.9998,0.0000,0.0014
38000,bob,default,0.0007,0.9894,0.0093,0.0007,0.0462
38000,carol,work,0.9989,0.0010,0.0000,0.0000,0.0064
38000,carol,home,0.0000,0.9997,0.0002,0.0000,0.0020
38000,carol,concert,0.0000,0.0001,0.9998,0.0000,0.0015
38000,carol,default,0.0006,0.9853,0.0135,0.0006,0.0591
38000,dave,work,0.9991,0.0009,0.0000,0.0000,0.0057
38000,dave,home,0.0000,0.9997,0.0002,0.0000,0.0020
38000,dave,concert,0.0000,0.0001,0.9998,0.0000,0.0015
38000,dave,default,0.0006,0.9860,0.0128,0.0006,0.0569
38500,alice,work,0.9994,0.0004,0.0001,0.0000,0.0038
38500,alice,home,0.0000,0.9998,0.0001,0.0000,0.0013
38500,alice,concert,0.0000,0.0001,0.9999,0.0000,0.0011
38500,alice,default,0.0007,0.9898,0.0088,0.0007,0.0445
38500,bob,work,0.9998,0.0002,0.0000,0.0000,0.0018
38500,bob,home,0.0001,0.9995,0.0000,0.0004,0.0031
38500,bob,concert,0.0000,0.0001,0.9998,0.0000,0.0014
38500,bob,default,0.0007,0.9894,0.0092,0.0007,0.0460
38500,carol,work,0.9989,0.0010,0.0000,0.0000,0.0063
38500,carol,home,0.0000,0.9997,0.0002,0.0000,0.0019
38500,carol,concert,0.0000,0.0001,0.9998,0.0000,0.0015
38500,carol,default,0.0006,0.9855,0.0132,0.0006,0.0582
38500,dave,work,0.9991,0.0009,0.0000,0.0000,0.0056
38500,dave,home,0.0000,0.9997,0.0002,0.0000,0.0020
38500,dave,concert,0.0000,0.0001,0.9998,0.0000,0.0015
38500,dave,default,0.0006,0.9861,0.0127,0.0006,0.0564
39000,alice,work,0.9994,0.0004,0.0001,0.0000,0.0037
39000,alice,home,0.0000,0.9998,0.0001,0.0000,0.0012
39000,alice,concert,0.0000,0.0001,0.9999,0.0000,0.0011
39000,alice,default,0.0007,0.9899,0.0087,0.0007,0.0440
39000,bob,work,0.9998,0.0002,0.0000,0.0000,0.0017
39000,bob,home,0.0001,0.9995,0.0000,0.0004,0.0031
39000,bob,concert,0.0000,0.0001,0.9998,0.0000,0.0013
39000,bob,default,0.0007,0.9895,0.0091,0.0007,0.0456
39000,carol,work,0.9989,0.0010,0.0000,0.0000,0.0062
39000,carol,home,0.0000,0.9997,0.0002,0.0000,0.0019
39000,carol,concert,0.0000,0.0001,0.9998,0.0000,0.0015
39000,carol,default,0.0006,0.9858,0.0130,0.0006,0.0574
39000,dave,work,0.9991,0.0008,0.0000,0.0000,0.0055
39000,dave,home,0.0000,0.9997,0.0002,0.0000,0.0020
39000,dave,concert,0.0000,0.0001,0.9998,0.0000,0.0015
39000,dave,default,0.0006,0.9862,0.0125,0.0006,0.0560
39500,alice,work,0.9994,0.0004,0.0001,0.0000,0.0037
39500,alice,home,0.0000,0.9998,0.0001,0.0000,0.0012
39500,alice,concert,0.0000,0.0001,0.9999,0.0000,0.0011
39500,alice,default,0.0007,0.9900,0.0087,0.0007,0.0438
39500,bob,work,0.9998,0.0002,0.0000,0.0000,0.0017
39500,bob,home,0.0000,0.9996,0.0000,0.0004,0.0030
39500,bob,concert,0.0000,0.0001,0.9998,0.0000,0.0013
39500,bob,default,0.0007,0.9896,0.0091,0.0007,0.0455
39500,carol,work,0.9990,0.0010,0.0000,0.0000,0.0062
39500,carol,home,0.0000,0.9997,0.0002,0.0000,0.0019
39500,carol,concert,0.0000,0.0001,0.9998,0.0000,0.0015
39500,carol,default,0.0006,0.9861,0.0127,0.0006,0.0564
39500,dave,work,0.9991,0.0008,0.0000,0.0000,0.0055
39500,dave,home,0.0000,0.9997,0.0002,0.0000,0.0020
39500,dave,concert,0.0000,0.0001,0.9998,0.0000,0.0015
39500,dave,default,0.0006,0.9865,0.0123,0.0006,0.0552
40000,alice,work,0.9995,0.0004,0.0001,0.0000,0.0037
40000,alice,home,0.0000,0.9998,0.0001,0.0000,0.0012
40000,alice,concert,0.0000,0.0001,0.9999,0.0000,0.0011
40000,alice,default,0.0006,0.9902,0.0085,0.0006,0.0430
40000,bob,work,0.9998,0.0002,0.0000,0.0000,0.0017
40000,bob,home,0.0000,0.9996,0.0000,0.0004,0.0030
40000,bob,concert,0.0000,0.0001,0.9998,0.0000,0.0013
40000,bob,default,0.0007,0.9896,0.0090,0.0007,0.0452
40000,carol,work,0.9990,0.0010,0.0000,0.0000,0.0061
40000,carol,home,0.0000,0.9997,0.0002,0.0000,0.0019
40000,carol,concert,0.0000,0.0001,0.9998,0.0000,0.0015
40000,carol,default,0.0006,0.9863,0.0125,0.0006,0.0556
40000,dave,work,0.9991,0.0008,0.0000,0.0000,0.0054
40000,dave,home,0.0000,0.9997,0.0002,0.0000,0.0019
40000,dave,concert,0.0000,0.0001,0.9998,0.0000,0.0015
40000,dave,default,0.0006,0.9865,0.0123,0.0006,0.0550
