episode,mask,o,c,e,a,n,norm
0,mask_default,0.00000,0.00000,0.00000,0.00000,0.00000,0.00000
0,mask_work,0.00000,0.00000,0.00000,0.00000,0.00000,0.00000
0,mask_home,0.00000,0.00000,0.00000,0.00000,0.00000,0.00000
0,mask_conference,0.00000,0.00000,0.00000,0.00000,0.00000,0.00000
1,mask_default,0.00000,0.00000,0.00000,0.00000,0.00000,0.00000
1,mask_work,-0.00991,0.02248,-0.00619,-0.02900,0.01826,0.04262
1,mask_home,0.00330,0.01649,0.00702,-0.01377,0.01208,0.02583
1,mask_conference,-0.00023,0.01927,0.00178,-0.02189,0.01465,0.03269
2,mask_default,0.00000,0.00000,0.00000,0.00000,0.00000,0.00000
2,mask_work,-0.02156,0.04540,-0.01419,-0.05644,0.03622,0.08500
2,mask_home,0.01150,0.01827,0.02065,-0.01595,0.02397,0.04149
2,mask_conference,-0.00033,0.03724,0.00333,-0.04185,0.02809,0.06276
3,mask_default,0.00000,0.00000,0.00000,0.00000,0.00000,0.00000
3,mask_work,-0.03075,0.06995,-0.01939,-0.07864,0.05152,0.12269
3,mask_home,0.02181,0.01727,0.03547,-0.01844,0.03383,0.05930
3,mask_conference,0.00612,0.05233,0.01182,-0.05556,0.03670,0.08572
4,mask_default,0.00000,0.00000,0.00000,0.00000,0.00000,0.00000
4,mask_work,-0.03847,0.09453,-0.02311,-0.09744,0.06499,0.15706
4,mask_home,0.03175,0.01592,0.04963,-0.02036,0.04268,0.07721
4,mask_conference,0.01481,0.06299,0.02229,-0.06766,0.04319,0.10548
5,mask_default,0.00000,0.00000,0.00000,0.00000,0.00000,0.00000
5,mask_work,-0.04519,0.11947,-0.02538,-0.11256,0.07644,0.18834
5,mask_home,0.04165,0.01390,0.06339,-0.02188,0.05042,0.09470
5,mask_conference,0.02489,0.07127,0.03522,-0.07716,0.04750,0.12308
6,mask_default,0.00000,0.00000,0.00000,0.00000,0.00000,0.00000
6,mask_work,-0.04970,0.14456,-0.02562,-0.12351,0.08557,0.21587
6,mask_home,0.05288,0.01243,0.07853,-0.02246,0.05605,0.11298
6,mask_conference,0.03484,0.07911,0.04792,-0.08511,0.05100,0.14005
7,mask_default,0.00000,0.00000,0.00000,0.00000,0.00000,0.00000
7,mask_work,-0.05165,0.16950,-0.02406,-0.13073,0.09268,0.24012
7,mask_home,0.06474,0.01186,0.09413,-0.02305,0.06000,0.13162
7,mask_conference,0.04467,0.08704,0.05934,-0.09143,0.05444,0.15625
8,mask_default,0.00000,0.00000,0.00000,0.00000,0.00000,0.00000
8,mask_work,-0.05240,0.19275,-0.02201,-0.13655,0.09882,0.26229
8,mask_home,0.07652,0.01190,0.10959,-0.02331,0.06295,0.15004
8,mask_conference,0.05503,0.09469,0.07059,-0.09597,0.05755,0.17175
9,mask_default,0.00000,0.00000,0.00000,0.00000,0.00000,0.00000
9,mask_work,-0.05207,0.21440,-0.01960,-0.14116,0.10411,0.28253
9,mask_home,0.08799,0.01216,0.12450,-0.02358,0.06516,0.16790
9,mask_conference,0.06580,0.10219,0.08219,-0.09857,0.06008,0.18669
10,mask_default,0.00000,0.00000,0.00000,0.00000,0.00000,0.00000
10,mask_work,-0.05089,0.23465,-0.01670,-0.14460,0.10854,0.30103
10,mask_home,0.09882,0.01269,0.13852,-0.02386,0.06695,0.18484
10,mask_conference,0.07630,0.10959,0.09354,-0.10024,0.06231,0.20127
11,mask_default,0.00000,0.00000,0.00000,0.00000,0.00000,0.00000
11,mask_work,-0.04908,0.25347,-0.01359,-0.14725,0.11235,0.31804
11,mask_home,0.10888,0.01330,0.15167,-0.02381,0.06853,0.20075
11,mask_conference,0.08646,0.11772,0.10421,-0.10115,0.06444,0.21581
12,mask_default,0.00000,0.00000,0.00000,0.00000,0.00000,0.00000
12,mask_work,-0.04682,0.27094,-0.01036,-0.14927,0.11564,0.33371
12,mask_home,0.11833,0.01391,0.16395,-0.02379,0.06984,0.21568
12,mask_conference,0.09619,0.12624,0.11412,-0.10157,0.06647,0.23010
13,mask_default,0.00000,0.00000,0.00000,0.00000,0.00000,0.00000
13,mask_work,-0.04432,0.28712,-0.00711,-0.15084,0.11850,0.34821
13,mask_home,0.12709,0.01449,0.17539,-0.02365,0.07100,0.22962
13,mask_conference,0.10507,0.13533,0.12300,-0.10155,0.06841,0.24388
14,mask_default,0.00000,0.00000,0.00000,0.00000,0.00000,0.00000
14,mask_work,-0.04168,0.30210,-0.00390,-0.15203,0.12101,0.36162
14,mask_home,0.13529,0.01505,0.18609,-0.02345,0.07197,0.24267
14,mask_conference,0.11299,0.14483,0.13087,-0.10119,0.07025,0.25699
15,mask_default,0.00000,0.00000,0.00000,0.00000,0.00000,0.00000
15,mask_work,-0.03895,0.31598,-0.00078,-0.15286,0.12319,0.37403
15,mask_home,0.14283,0.01551,0.19601,-0.02308,0.07288,0.25477
15,mask_conference,0.12005,0.15423,0.13799,-0.10063,0.07193,0.26933
16,mask_default,0.00000,0.00000,0.00000,0.00000,0.00000,0.00000
16,mask_work,-0.03612,0.32883,0.00225,-0.15338,0.12508,0.38550
16,mask_home,0.14975,0.01594,0.20516,-0.02265,0.07375,0.26594
16,mask_conference,0.12642,0.16364,0.14441,-0.09998,0.07342,0.28107
17,mask_default,0.00000,0.00000,0.00000,0.00000,0.00000,0.00000
17,mask_work,-0.03326,0.34077,0.00510,-0.15354,0.12670,0.39608
17,mask_home,0.15601,0.01645,0.21347,-0.02225,0.07460,0.27611
17,mask_conference,0.13212,0.17281,0.15031,-0.09927,0.07473,0.29215
18,mask_default,0.00000,0.00000,0.00000,0.00000,0.00000,0.00000
18,mask_work,-0.03039,0.35186,0.00780,-0.15342,0.12808,0.40587
18,mask_home,0.16168,0.01709,0.22101,-0.02193,0.07543,0.28539
18,mask_conference,0.13732,0.18178,0.15572,-0.09845,0.07587,0.30265
19,mask_default,0.00000,0.00000,0.00000,0.00000,0.00000,0.00000
19,mask_work,-0.02753,0.36216,0.01035,-0.15303,0.12924,0.41491
19,mask_home,0.16685,0.01785,0.22787,-0.02173,0.07620,0.29387
19,mask_conference,0.14203,0.19048,0.16066,-0.09759,0.07687,0.31257
20,mask_default,0.00000,0.00000,0.00000,0.00000,0.00000,0.00000
20,mask_work,-0.02460,0.37172,0.01283,-0.15244,0.13021,0.42325
20,mask_home,0.17155,0.01877,0.23410,-0.02163,0.07691,0.30162
20,mask_conference,0.14632,0.19881,0.16519,-0.09671,0.07774,0.32190
21,mask_default,0.00000,0.00000,0.00000,0.00000,0.00000,0.00000
21,mask_work,-0.02166,0.38058,0.01521,-0.15170,0.13102,0.43095
21,mask_home,0.17582,0.01974,0.23977,-0.02157,0.07760,0.30867
21,mask_conference,0.15036,0.20652,0.16939,-0.09585,0.07857,0.33062
22,mask_default,0.00000,0.00000,0.00000,0.00000,0.00000,0.00000
22,mask_work,-0.01871,0.38879,0.01748,-0.15082,0.13169,0.43807
22,mask_home,0.17960,0.02077,0.24488,-0.02144,0.07832,0.31503
22,mask_conference,0.15402,0.21389,0.17321,-0.09496,0.07937,0.33881
23,mask_default,0.00000,0.00000,0.00000,0.00000,0.00000,0.00000
23,mask_work,-0.01575,0.39639,0.01963,-0.14984,0.13225,0.44463
23,mask_home,0.18299,0.02184,0.24951,-0.02126,0.07904,0.32081
23,mask_conference,0.15738,0.22082,0.17670,-0.09408,0.08014,0.34645
24,mask_default,0.00000,0.00000,0.00000,0.00000,0.00000,0.00000
24,mask_work,-0.01268,0.40345,0.02170,-0.14868,0.13266,0.45068
24,mask_home,0.18600,0.02297,0.25369,-0.02102,0.07977,0.32602
24,mask_conference,0.16058,0.22721,0.17994,-0.09316,0.08083,0.35356
25,mask_default,0.00000,0.00000,0.00000,0.00000,0.00000,0.00000
25,mask_work,-0.00953,0.40992,0.02374,-0.14742,0.13298,0.45619
25,mask_home,0.18868,0.02411,0.25748,-0.02076,0.08050,0.33074
25,mask_conference,0.16360,0.23317,0.18297,-0.09217,0.08144,0.36020
26,mask_default,0.00000,0.00000,0.00000,0.00000,0.00000,0.00000
26,mask_work,-0.00639,0.41576,0.02575,-0.14613,0.13323,0.46115
26,mask_home,0.19108,0.02525,0.26091,-0.02047,0.08121,0.33502
26,mask_conference,0.16643,0.23874,0.18576,-0.09116,0.08200,0.36638
27,mask_default,0.00000,0.00000,0.00000,0.00000,0.00000,0.00000
27,mask_work,-0.00324,0.42103,0.02775,-0.14480,0.13341,0.46563
27,mask_home,0.19322,0.02637,0.26402,-0.02019,0.08191,0.33890
27,mask_conference,0.16908,0.24391,0.18835,-0.09015,0.08251,0.37214
28,mask_default,0.00000,0.00000,0.00000,0.00000,0.00000,0.00000
28,mask_work,-0.00012,0.42579,0.02970,-0.14346,0.13354,0.46967
28,mask_home,0.19513,0.02747,0.26682,-0.01988,0.08260,0.34240
28,mask_conference,0.17160,0.24870,0.19076,-0.08915,0.08297,0.37752
29,mask_default,0.00000,0.00000,0.00000,0.00000,0.00000,0.00000
29,mask_work,0.00295,0.43006,0.03160,-0.14213,0.13363,0.47330
29,mask_home,0.19681,0.02853,0.26935,-0.01957,0.08327,0.34557
29,mask_conference,0.17405,0.25311,0.19304,-0.08808,0.08337,0.38254
30,mask_default,0.00000,0.00000,0.00000,0.00000,0.00000,0.00000
30,mask_work,0.00599,0.43392,0.03345,-0.14080,0.13368,0.47659
30,mask_home,0.19831,0.02954,0.27164,-0.01923,0.08394,0.34843
30,mask_conference,0.17635,0.25720,0.19513,-0.08707,0.08372,0.38720
31,mask_default,0.00000,0.00000,0.00000,0.00000,0.00000,0.00000
31,mask_work,0.00888,0.43737,0.03523,-0.13956,0.13373,0.47955
31,mask_home,0.19965,0.03053,0.27372,-0.01891,0.08457,0.35103
31,mask_conference,0.17849,0.26107,0.19705,-0.08607,0.08406,0.39156
32,mask_default,0.00000,0.00000,0.00000,0.00000,0.00000,0.00000
32,mask_work,0.01163,0.44046,0.03695,-0.13834,0.13374,0.48222
32,mask_home,0.20082,0.03147,0.27558,-0.01861,0.08519,0.35336
32,mask_conference,0.18055,0.26456,0.19888,-0.08506,0.08433,0.39559
33,mask_default,0.00000,0.00000,0.00000,0.00000,0.00000,0.00000
33,mask_work,0.01432,0.44325,0.03862,-0.13714,0.13372,0.48462
33,mask_home,0.20187,0.03236,0.27724,-0.01834,0.08578,0.35547
33,mask_conference,0.18245,0.26771,0.20063,-0.08410,0.08456,0.39929
34,mask_default,0.00000,0.00000,0.00000,0.00000,0.00000,0.00000
34,mask_work,0.01699,0.44580,0.04025,-0.13590,0.13366,0.48680
34,mask_home,0.20279,0.03322,0.27874,-0.01807,0.08635,0.35736
34,mask_conference,0.18425,0.27061,0.20227,-0.08316,0.08477,0.40273
35,mask_default,0.00000,0.00000,0.00000,0.00000,0.00000,0.00000
35,mask_work,0.01957,0.44810,0.04181,-0.13465,0.13356,0.48877
35,mask_home,0.20361,0.03411,0.28010,-0.01782,0.08689,0.35909
35,mask_conference,0.18593,0.27330,0.20379,-0.08227,0.08495,0.40593
36,mask_default,0.00000,0.00000,0.00000,0.00000,0.00000,0.00000
36,mask_work,0.02204,0.45019,0.04331,-0.13344,0.13345,0.49056
36,mask_home,0.20434,0.03500,0.28133,-0.01761,0.08738,0.36065
36,mask_conference,0.18755,0.27577,0.20524,-0.08139,0.08511,0.40892
37,mask_default,0.00000,0.00000,0.00000,0.00000,0.00000,0.00000
37,mask_work,0.02443,0.45208,0.04475,-0.13225,0.13331,0.49218
37,mask_home,0.20497,0.03585,0.28242,-0.01740,0.08787,0.36206
37,mask_conference,0.18910,0.27800,0.20661,-0.08054,0.08524,0.41169
38,mask_default,0.00000,0.00000,0.00000,0.00000,0.00000,0.00000
38,mask_work,0.02673,0.45380,0.04611,-0.13108,0.13317,0.49365
38,mask_home,0.20552,0.03669,0.28341,-0.01717,0.08834,0.36332
38,mask_conference,0.19059,0.28006,0.20790,-0.07972,0.08535,0.41427
39,mask_default,0.00000,0.00000,0.00000,0.00000,0.00000,0.00000
39,mask_work,0.02895,0.45534,0.04742,-0.12992,0.13301,0.49497
39,mask_home,0.20599,0.03749,0.28429,-0.01693,0.08879,0.36446
39,mask_conference,0.19194,0.28198,0.20911,-0.07893,0.08546,0.41667
40,mask_default,0.00000,0.00000,0.00000,0.00000,0.00000,0.00000
40,mask_work,0.03111,0.45674,0.04865,-0.12873,0.13283,0.49615
40,mask_home,0.20643,0.03831,0.28510,-0.01676,0.08919,0.36552
40,mask_conference,0.19319,0.28379,0.21020,-0.07818,0.08556,0.41890
41,mask_default,0.00000,0.00000,0.00000,0.00000,0.00000,0.00000
41,mask_work,0.03316,0.45799,0.04980,-0.12760,0.13266,0.49721
41,mask_home,0.20682,0.03911,0.28583,-0.01660,0.08956,0.36647
41,mask_conference,0.19429,0.28553,0.21121,-0.07744,0.08567,0.42098
42,mask_default,0.00000,0.00000,0.00000,0.00000,0.00000,0.00000
42,mask_work,0.03514,0.45912,0.05086,-0.12651,0.13249,0.49817
42,mask_home,0.20716,0.03988,0.28649,-0.01644,0.08992,0.36734
42,mask_conference,0.19530,0.28713,0.21216,-0.07674,0.08576,0.42290
43,mask_default,0.00000,0.00000,0.00000,0.00000,0.00000,0.00000
43,mask_work,0.03703,0.46012,0.05185,-0.12545,0.13233,0.49902
43,mask_home,0.20744,0.04060,0.28708,-0.01629,0.09026,0.36811
43,mask_conference,0.19622,0.28863,0.21304,-0.07607,0.08585,0.42468
44,mask_default,0.00000,0.00000,0.00000,0.00000,0.00000,0.00000
44,mask_work,0.03884,0.46102,0.05276,-0.12442,0.13218,0.49978
44,mask_home,0.20767,0.04130,0.28759,-0.01612,0.09060,0.36879
44,mask_conference,0.19708,0.28999,0.21389,-0.07542,0.08592,0.42633
45,mask_default,0.00000,0.00000,0.00000,0.00000,0.00000,0.00000
45,mask_work,0.04060,0.46181,0.05362,-0.12341,0.13202,0.50045
45,mask_home,0.20784,0.04195,0.28803,-0.01594,0.09094,0.36938
45,mask_conference,0.19790,0.29125,0.21469,-0.07476,0.08597,0.42786
46,mask_default,0.00000,0.00000,0.00000,0.00000,0.00000,0.00000
46,mask_work,0.04231,0.46249,0.05443,-0.12244,0.13188,0.50103
46,mask_home,0.20800,0.04259,0.28844,-0.01579,0.09125,0.36993
46,mask_conference,0.19870,0.29244,0.21542,-0.07408,0.08599,0.42929
47,mask_default,0.00000,0.00000,0.00000,0.00000,0.00000,0.00000
47,mask_work,0.04396,0.46307,0.05519,-0.12150,0.13174,0.50153
47,mask_home,0.20812,0.04322,0.28879,-0.01563,0.09155,0.37041
47,mask_conference,0.19950,0.29354,0.21611,-0.07337,0.08599,0.43063
48,mask_default,0.00000,0.00000,0.00000,0.00000,0.00000,0.00000
48,mask_work,0.04555,0.46355,0.05591,-0.12059,0.13160,0.50194
48,mask_home,0.20821,0.04381,0.28911,-0.01546,0.09184,0.37084
48,mask_conference,0.20023,0.29455,0.21677,-0.07268,0.08598,0.43187
49,mask_default,0.00000,0.00000,0.00000,0.00000,0.00000,0.00000
49,mask_work,0.04704,0.46394,0.05658,-0.11974,0.13149,0.50228
49,mask_home,0.20828,0.04441,0.28939,-0.01530,0.09211,0.37123
49,mask_conference,0.20093,0.29548,0.21740,-0.07198,0.08595,0.43303
50,mask_default,0.00000,0.00000,0.00000,0.00000,0.00000,0.00000
50,mask_work,0.04848,0.46424,0.05719,-0.11894,0.13139,0.50255
50,mask_home,0.20835,0.04502,0.28965,-0.01518,0.09235,0.37161
50,mask_conference,0.20159,0.29633,0.21800,-0.07131,0.08592,0.43410
51,mask_default,0.00000,0.00000,0.00000,0.00000,0.00000,0.00000
51,mask_work,0.04986,0.46448,0.05776,-0.11816,0.13130,0.50276
51,mask_home,0.20840,0.04560,0.28989,-0.01502,0.09258,0.37194
51,mask_conference,0.20220,0.29711,0.21857,-0.07065,0.08587,0.43508
52,mask_default,0.00000,0.00000,0.00000,0.00000,0.00000,0.00000
52,mask_work,0.05116,0.46464,0.05829,-0.11745,0.13122,0.50291
52,mask_home,0.20843,0.04614,0.29010,-0.01487,0.09280,0.37224
52,mask_conference,0.20277,0.29784,0.21910,-0.07000,0.08582,0.43599
53,mask_default,0.00000,0.00000,0.00000,0.00000,0.00000,0.00000
53,mask_work,0.05240,0.46475,0.05878,-0.11679,0.13117,0.50303
53,mask_home,0.20845,0.04668,0.29029,-0.01476,0.09299,0.37251
53,mask_conference,0.20330,0.29851,0.21960,-0.06937,0.08576,0.43684
54,mask_default,0.00000,0.00000,0.00000,0.00000,0.00000,0.00000
54,mask_work,0.05360,0.46482,0.05926,-0.11618,0.13111,0.50312
54,mask_home,0.20845,0.04721,0.29044,-0.01464,0.09319,0.37275
54,mask_conference,0.20381,0.29914,0.22006,-0.06876,0.08570,0.43763
55,mask_default,0.00000,0.00000,0.00000,0.00000,0.00000,0.00000
55,mask_work,0.05477,0.46484,0.05971,-0.11560,0.13107,0.50318
55,mask_home,0.20844,0.04772,0.29058,-0.01450,0.09338,0.37295
55,mask_conference,0.20430,0.29971,0.22051,-0.06816,0.08564,0.43838
56,mask_default,0.00000,0.00000,0.00000,0.00000,0.00000,0.00000
56,mask_work,0.05592,0.46483,0.06017,-0.11503,0.13101,0.50320
56,mask_home,0.20839,0.04821,0.29068,-0.01435,0.09359,0.37310
56,mask_conference,0.20476,0.30024,0.22092,-0.06761,0.08557,0.43905
57,mask_default,0.00000,0.00000,0.00000,0.00000,0.00000,0.00000
57,mask_work,0.05707,0.46479,0.06063,-0.11446,0.13095,0.50320
57,mask_home,0.20830,0.04871,0.29075,-0.01418,0.09380,0.37322
57,mask_conference,0.20518,0.30070,0.22133,-0.06707,0.08550,0.43968
58,mask_default,0.00000,0.00000,0.00000,0.00000,0.00000,0.00000
58,mask_work,0.05821,0.46473,0.06107,-0.11389,0.13088,0.50318
58,mask_home,0.20823,0.04922,0.29081,-0.01403,0.09399,0.37334
58,mask_conference,0.20559,0.30112,0.22171,-0.06654,0.08543,0.44026
59,mask_default,0.00000,0.00000,0.00000,0.00000,0.00000,0.00000
59,mask_work,0.05930,0.46465,0.06150,-0.11333,0.13081,0.50314
59,mask_home,0.20813,0.04972,0.29085,-0.01388,0.09418,0.37342
59,mask_conference,0.20592,0.30153,0.22206,-0.06605,0.08537,0.44078
60,mask_default,0.00000,0.00000,0.00000,0.00000,0.00000,0.00000
60,mask_work,0.06038,0.46455,0.06191,-0.11278,0.13074,0.50309
60,mask_home,0.20802,0.05020,0.29086,-0.01374,0.09436,0.37348
60,mask_conference,0.20623,0.30193,0.22239,-0.06557,0.08530,0.44128
61,mask_default,0.00000,0.00000,0.00000,0.00000,0.00000,0.00000
61,mask_work,0.06142,0.46443,0.06232,-0.11226,0.13067,0.50302
61,mask_home,0.20790,0.05066,0.29087,-0.01359,0.09455,0.37352
61,mask_conference,0.20649,0.30230,0.22270,-0.06512,0.08525,0.44173
62,mask_default,0.00000,0.00000,0.00000,0.00000,0.00000,0.00000
62,mask_work,0.06243,0.46429,0.06271,-0.11175,0.13060,0.50293
62,mask_home,0.20779,0.05114,0.29087,-0.01347,0.09471,0.37356
62,mask_conference,0.20674,0.30267,0.22298,-0.06468,0.08520,0.44216
63,mask_default,0.00000,0.00000,0.00000,0.00000,0.00000,0.00000
63,mask_work,0.06342,0.46410,0.06311,-0.11125,0.13053,0.50280
63,mask_home,0.20770,0.05162,0.29088,-0.01338,0.09484,0.37361
63,mask_conference,0.20694,0.30306,0.22323,-0.06425,0.08515,0.44258
64,mask_default,0.00000,0.00000,0.00000,0.00000,0.00000,0.00000
64,mask_work,0.06439,0.46390,0.06349,-0.11076,0.13047,0.50266
64,mask_home,0.20761,0.05209,0.29088,-0.01329,0.09497,0.37366
64,mask_conference,0.20715,0.30340,0.22347,-0.06384,0.08510,0.44297
65,mask_default,0.00000,0.00000,0.00000,0.00000,0.00000,0.00000
65,mask_work,0.06535,0.46367,0.06387,-0.11030,0.13041,0.50251
65,mask_home,0.20751,0.05252,0.29088,-0.01318,0.09509,0.37370
65,mask_conference,0.20735,0.30374,0.22370,-0.06343,0.08506,0.44334
66,mask_default,0.00000,0.00000,0.00000,0.00000,0.00000,0.00000
66,mask_work,0.06629,0.46343,0.06424,-0.10986,0.13035,0.50234
66,mask_home,0.20743,0.05296,0.29089,-0.01310,0.09520,0.37374
66,mask_conference,0.20755,0.30406,0.22391,-0.06303,0.08501,0.44369
67,mask_default,0.00000,0.00000,0.00000,0.00000,0.00000,0.00000
67,mask_work,0.06721,0.46319,0.06460,-0.10943,0.13029,0.50218
67,mask_home,0.20736,0.05336,0.29089,-0.01302,0.09530,0.37378
67,mask_conference,0.20771,0.30438,0.22411,-0.06265,0.08498,0.44403
68,mask_default,0.00000,0.00000,0.00000,0.00000,0.00000,0.00000
68,mask_work,0.06811,0.46292,0.06497,-0.10902,0.13023,0.50200
68,mask_home,0.20729,0.05376,0.29090,-0.01296,0.09538,0.37383
68,mask_conference,0.20788,0.30467,0.22430,-0.06227,0.08493,0.44434
69,mask_default,0.00000,0.00000,0.00000,0.00000,0.00000,0.00000
69,mask_work,0.06897,0.46264,0.06533,-0.10862,0.13018,0.50180
69,mask_home,0.20723,0.05414,0.29090,-0.01291,0.09545,0.37387
69,mask_conference,0.20806,0.30494,0.22449,-0.06189,0.08489,0.44465
70,mask_default,0.00000,0.00000,0.00000,0.00000,0.00000,0.00000
70,mask_work,0.06981,0.46235,0.06568,-0.10823,0.13013,0.50159
70,mask_home,0.20715,0.05448,0.29089,-0.01284,0.09554,0.37389
70,mask_conference,0.20824,0.30521,0.22467,-0.06153,0.08484,0.44494
71,mask_default,0.00000,0.00000,0.00000,0.00000,0.00000,0.00000
71,mask_work,0.07059,0.46203,0.06602,-0.10788,0.13008,0.50137
71,mask_home,0.20709,0.05483,0.29089,-0.01280,0.09561,0.37392
71,mask_conference,0.20840,0.30546,0.22482,-0.06119,0.08481,0.44522
72,mask_default,0.00000,0.00000,0.00000,0.00000,0.00000,0.00000
72,mask_work,0.07133,0.46170,0.06635,-0.10755,0.13004,0.50114
72,mask_home,0.20704,0.05518,0.29088,-0.01276,0.09566,0.37395
72,mask_conference,0.20855,0.30569,0.22497,-0.06088,0.08477,0.44547
73,mask_default,0.00000,0.00000,0.00000,0.00000,0.00000,0.00000
73,mask_work,0.07205,0.46136,0.06668,-0.10723,0.13000,0.50089
73,mask_home,0.20699,0.05550,0.29088,-0.01272,0.09572,0.37398
73,mask_conference,0.20868,0.30592,0.22508,-0.06060,0.08474,0.44570
74,mask_default,0.00000,0.00000,0.00000,0.00000,0.00000,0.00000
74,mask_work,0.07275,0.46103,0.06700,-0.10692,0.12996,0.50065
74,mask_home,0.20692,0.05581,0.29087,-0.01267,0.09578,0.37399
74,mask_conference,0.20878,0.30616,0.22518,-0.06034,0.08471,0.44592
75,mask_default,0.00000,0.00000,0.00000,0.00000,0.00000,0.00000
75,mask_work,0.07344,0.46068,0.06731,-0.10661,0.12992,0.50039
75,mask_home,0.20686,0.05609,0.29085,-0.01261,0.09584,0.37400
75,mask_conference,0.20887,0.30642,0.22526,-0.06008,0.08470,0.44614
76,mask_default,0.00000,0.00000,0.00000,0.00000,0.00000,0.00000
76,mask_work,0.07409,0.46031,0.06762,-0.10633,0.12989,0.50013
76,mask_home,0.20679,0.05635,0.29084,-0.01254,0.09590,0.37401
76,mask_conference,0.20893,0.30667,0.22532,-0.05984,0.08469,0.44634
77,mask_default,0.00000,0.00000,0.00000,0.00000,0.00000,0.00000
77,mask_work,0.07470,0.45996,0.06791,-0.10606,0.12986,0.49987
77,mask_home,0.20672,0.05659,0.29082,-0.01248,0.09597,0.37400
77,mask_conference,0.20899,0.30689,0.22539,-0.05962,0.08467,0.44652
78,mask_default,0.00000,0.00000,0.00000,0.00000,0.00000,0.00000
78,mask_work,0.07530,0.45961,0.06818,-0.10583,0.12985,0.49962
78,mask_home,0.20666,0.05683,0.29080,-0.01243,0.09602,0.37400
78,mask_conference,0.20905,0.30709,0.22546,-0.05942,0.08467,0.44669
79,mask_default,0.00000,0.00000,0.00000,0.00000,0.00000,0.00000
79,mask_work,0.07586,0.45926,0.06843,-0.10562,0.12984,0.49937
79,mask_home,0.20661,0.05707,0.29079,-0.01240,0.09606,0.37401
79,mask_conference,0.20909,0.30730,0.22551,-0.05923,0.08466,0.44686
80,mask_default,0.00000,0.00000,0.00000,0.00000,0.00000,0.00000
80,mask_work,0.07640,0.45892,0.06867,-0.10543,0.12983,0.49913
80,mask_home,0.20657,0.05730,0.29078,-0.01238,0.09609,0.37402
80,mask_conference,0.20913,0.30751,0.22555,-0.05904,0.08466,0.44702
81,mask_default,0.00000,0.00000,0.00000,0.00000,0.00000,0.00000
81,mask_work,0.07691,0.45860,0.06889,-0.10525,0.12983,0.49890
81,mask_home,0.20653,0.05754,0.29078,-0.01235,0.09612,0.37404
81,mask_conference,0.20917,0.30771,0.22560,-0.05886,0.08466,0.44717
82,mask_default,0.00000,0.00000,0.00000,0.00000,0.00000,0.00000
82,mask_work,0.07741,0.45827,0.06911,-0.10508,0.12983,0.49868
82,mask_home,0.20649,0.05776,0.29078,-0.01231,0.09615,0.37406
82,mask_conference,0.20919,0.30792,0.22563,-0.05868,0.08465,0.44732
83,mask_default,0.00000,0.00000,0.00000,0.00000,0.00000,0.00000
83,mask_work,0.07788,0.45795,0.06932,-0.10492,0.12983,0.49845
83,mask_home,0.20646,0.05797,0.29078,-0.01226,0.09618,0.37408
83,mask_conference,0.20921,0.30812,0.22566,-0.05852,0.08466,0.44746
84,mask_default,0.00000,0.00000,0.00000,0.00000,0.00000,0.00000
84,mask_work,0.07834,0.45762,0.06952,-0.10480,0.12985,0.49822
84,mask_home,0.20641,0.05817,0.29077,-0.01221,0.09621,0.37409
84,mask_conference,0.20921,0.30830,0.22570,-0.05836,0.08466,0.44758
85,mask_default,0.00000,0.00000,0.00000,0.00000,0.00000,0.00000
85,mask_work,0.07876,0.45729,0.06970,-0.10470,0.12987,0.49800
85,mask_home,0.20637,0.05836,0.29076,-0.01216,0.09625,0.37409
85,mask_conference,0.20920,0.30847,0.22572,-0.05822,0.08466,0.44769
86,mask_default,0.00000,0.00000,0.00000,0.00000,0.00000,0.00000
86,mask_work,0.07917,0.45695,0.06987,-0.10461,0.12990,0.49776
86,mask_home,0.20631,0.05854,0.29075,-0.01211,0.09628,0.37409
86,mask_conference,0.20918,0.30862,0.22575,-0.05809,0.08466,0.44778
87,mask_default,0.00000,0.00000,0.00000,0.00000,0.00000,0.00000
87,mask_work,0.07956,0.45661,0.07004,-0.10453,0.12993,0.49753
87,mask_home,0.20627,0.05872,0.29074,-0.01204,0.09632,0.37410
87,mask_conference,0.20916,0.30876,0.22577,-0.05798,0.08466,0.44786
88,mask_default,0.00000,0.00000,0.00000,0.00000,0.00000,0.00000
88,mask_work,0.07995,0.45627,0.07020,-0.10446,0.12996,0.49730
88,mask_home,0.20623,0.05889,0.29074,-0.01199,0.09634,0.37411
88,mask_conference,0.20913,0.30890,0.22579,-0.05787,0.08466,0.44794
89,mask_default,0.00000,0.00000,0.00000,0.00000,0.00000,0.00000
89,mask_work,0.08034,0.45596,0.07037,-0.10438,0.12998,0.49709
89,mask_home,0.20619,0.05907,0.29074,-0.01193,0.09637,0.37412
89,mask_conference,0.20913,0.30901,0.22581,-0.05778,0.08467,0.44802
90,mask_default,0.00000,0.00000,0.00000,0.00000,0.00000,0.00000
90,mask_work,0.08070,0.45565,0.07052,-0.10432,0.13001,0.49688
90,mask_home,0.20616,0.05924,0.29075,-0.01188,0.09639,0.37413
90,mask_conference,0.20913,0.30911,0.22584,-0.05769,0.08467,0.44809
91,mask_default,0.00000,0.00000,0.00000,0.00000,0.00000,0.00000
91,mask_work,0.08105,0.45533,0.07068,-0.10427,0.13005,0.49666
91,mask_home,0.20613,0.05940,0.29075,-0.01182,0.09641,0.37415
91,mask_conference,0.20913,0.30921,0.22586,-0.05761,0.08467,0.44816
92,mask_default,0.00000,0.00000,0.00000,0.00000,0.00000,0.00000
92,mask_work,0.08137,0.45503,0.07082,-0.10423,0.13008,0.49646
92,mask_home,0.20610,0.05956,0.29075,-0.01177,0.09643,0.37416
92,mask_conference,0.20913,0.30930,0.22588,-0.05752,0.08467,0.44822
93,mask_default,0.00000,0.00000,0.00000,0.00000,0.00000,0.00000
93,mask_work,0.08169,0.45472,0.07095,-0.10420,0.13012,0.49625
93,mask_home,0.20605,0.05971,0.29075,-0.01170,0.09645,0.37417
93,mask_conference,0.20914,0.30938,0.22590,-0.05745,0.08467,0.44828
94,mask_default,0.00000,0.00000,0.00000,0.00000,0.00000,0.00000
94,mask_work,0.08200,0.45443,0.07108,-0.10417,0.13016,0.49606
94,mask_home,0.20602,0.05989,0.29075,-0.01165,0.09647,0.37418
94,mask_conference,0.20914,0.30943,0.22593,-0.05739,0.08467,0.44833
95,mask_default,0.00000,0.00000,0.00000,0.00000,0.00000,0.00000
95,mask_work,0.08229,0.45412,0.07120,-0.10416,0.13020,0.49586
95,mask_home,0.20599,0.06006,0.29076,-0.01160,0.09648,0.37420
95,mask_conference,0.20913,0.30948,0.22597,-0.05733,0.08466,0.44836
96,mask_default,0.00000,0.00000,0.00000,0.00000,0.00000,0.00000
96,mask_work,0.08256,0.45382,0.07132,-0.10416,0.13025,0.49565
96,mask_home,0.20597,0.06023,0.29077,-0.01156,0.09649,0.37422
96,mask_conference,0.20914,0.30951,0.22601,-0.05726,0.08465,0.44840
97,mask_default,0.00000,0.00000,0.00000,0.00000,0.00000,0.00000
97,mask_work,0.08280,0.45351,0.07143,-0.10418,0.13031,0.49544
97,mask_home,0.20595,0.06041,0.29078,-0.01150,0.09650,0.37425
97,mask_conference,0.20914,0.30953,0.22606,-0.05718,0.08464,0.44843
98,mask_default,0.00000,0.00000,0.00000,0.00000,0.00000,0.00000
98,mask_work,0.08305,0.45320,0.07156,-0.10419,0.13035,0.49523
98,mask_home,0.20592,0.06058,0.29080,-0.01144,0.09650,0.37427
98,mask_conference,0.20915,0.30956,0.22610,-0.05710,0.08463,0.44846
99,mask_default,0.00000,0.00000,0.00000,0.00000,0.00000,0.00000
99,mask_work,0.08329,0.45289,0.07169,-0.10419,0.13039,0.49502
99,mask_home,0.20590,0.06076,0.29081,-0.01139,0.09651,0.37430
99,mask_conference,0.20914,0.30958,0.22615,-0.05703,0.08461,0.44848
100,mask_default,0.00000,0.00000,0.00000,0.00000,0.00000,0.00000
100,mask_work,0.08353,0.45257,0.07181,-0.10420,0.13044,0.49480
100,mask_home,0.20587,0.06091,0.29081,-0.01133,0.09652,0.37431
100,mask_conference,0.20914,0.30962,0.22618,-0.05693,0.08460,0.44851
101,mask_default,0.00000,0.00000,0.00000,0.00000,0.00000,0.00000
101,mask_work,0.08376,0.45226,0.07194,-0.10421,0.13048,0.49459
101,mask_home,0.20584,0.06107,0.29082,-0.01127,0.09654,0.37433
101,mask_conference,0.20915,0.30966,0.22623,-0.05683,0.08457,0.44855
102,mask_default,0.00000,0.00000,0.00000,0.00000,0.00000,0.00000
102,mask_work,0.08398,0.45195,0.07207,-0.10423,0.13053,0.49438
102,mask_home,0.20581,0.06122,0.29083,-0.01122,0.09654,0.37434
102,mask_conference,0.20914,0.30972,0.22626,-0.05672,0.08456,0.44858
103,mask_default,0.00000,0.00000,0.00000,0.00000,0.00000,0.00000
103,mask_work,0.08421,0.45166,0.07220,-0.10424,0.13057,0.49418
103,mask_home,0.20578,0.06137,0.29083,-0.01116,0.09656,0.37436
103,mask_conference,0.20913,0.30978,0.22628,-0.05662,0.08454,0.44861
104,mask_default,0.00000,0.00000,0.00000,0.00000,0.00000,0.00000
104,mask_work,0.08443,0.45137,0.07233,-0.10425,0.13060,0.49398
104,mask_home,0.20576,0.06152,0.29084,-0.01111,0.09657,0.37437
104,mask_conference,0.20912,0.30984,0.22630,-0.05651,0.08453,0.44865
105,mask_default,0.00000,0.00000,0.00000,0.00000,0.00000,0.00000
105,mask_work,0.08465,0.45107,0.07246,-0.10425,0.13064,0.49378
105,mask_home,0.20572,0.06167,0.29083,-0.01106,0.09658,0.37438
105,mask_conference,0.20913,0.30990,0.22632,-0.05642,0.08451,0.44869
106,mask_default,0.00000,0.00000,0.00000,0.00000,0.00000,0.00000
106,mask_work,0.08487,0.45079,0.07259,-0.10426,0.13067,0.49358
106,mask_home,0.20570,0.06181,0.29084,-0.01101,0.09659,0.37439
106,mask_conference,0.20914,0.30996,0.22634,-0.05632,0.08450,0.44873
107,mask_default,0.00000,0.00000,0.00000,0.00000,0.00000,0.00000
107,mask_work,0.08509,0.45050,0.07272,-0.10426,0.13071,0.49340
107,mask_home,0.20568,0.06196,0.29085,-0.01096,0.09659,0.37441
107,mask_conference,0.20915,0.31002,0.22635,-0.05623,0.08449,0.44876
108,mask_default,0.00000,0.00000,0.00000,0.00000,0.00000,0.00000
108,mask_work,0.08532,0.45023,0.07285,-0.10427,0.13074,0.49321
108,mask_home,0.20566,0.06210,0.29086,-0.01091,0.09660,0.37443
108,mask_conference,0.20916,0.31007,0.22636,-0.05614,0.08447,0.44880
109,mask_default,0.00000,0.00000,0.00000,0.00000,0.00000,0.00000
109,mask_work,0.08552,0.44997,0.07297,-0.10428,0.13077,0.49304
109,mask_home,0.20564,0.06223,0.29087,-0.01086,0.09660,0.37445
109,mask_conference,0.20918,0.31013,0.22637,-0.05604,0.08445,0.44883
110,mask_default,0.00000,0.00000,0.00000,0.00000,0.00000,0.00000
110,mask_work,0.08572,0.44971,0.07309,-0.10429,0.13081,0.49287
110,mask_home,0.20564,0.06236,0.29090,-0.01082,0.09659,0.37449
110,mask_conference,0.20918,0.31017,0.22639,-0.05595,0.08444,0.44886
111,mask_default,0.00000,0.00000,0.00000,0.00000,0.00000,0.00000
111,mask_work,0.08591,0.44946,0.07320,-0.10430,0.13084,0.49270
111,mask_home,0.20562,0.06248,0.29092,-0.01077,0.09659,0.37452
111,mask_conference,0.20918,0.31024,0.22639,-0.05587,0.08443,0.44889
112,mask_default,0.00000,0.00000,0.00000,0.00000,0.00000,0.00000
112,mask_work,0.08610,0.44922,0.07330,-0.10432,0.13087,0.49254
112,mask_home,0.20562,0.06261,0.29093,-0.01073,0.09659,0.37455
112,mask_conference,0.20916,0.31031,0.22638,-0.05580,0.08442,0.44892
113,mask_default,0.00000,0.00000,0.00000,0.00000,0.00000,0.00000
113,mask_work,0.08628,0.44899,0.07340,-0.10433,0.13091,0.49238
113,mask_home,0.20560,0.06274,0.29095,-0.01069,0.09659,0.37457
113,mask_conference,0.20915,0.31037,0.22636,-0.05573,0.08441,0.44893
114,mask_default,0.00000,0.00000,0.00000,0.00000,0.00000,0.00000
114,mask_work,0.08645,0.44874,0.07350,-0.10435,0.13094,0.49222
114,mask_home,0.20558,0.06287,0.29096,-0.01064,0.09660,0.37459
114,mask_conference,0.20912,0.31045,0.22634,-0.05566,0.08440,0.44896
115,mask_default,0.00000,0.00000,0.00000,0.00000,0.00000,0.00000
115,mask_work,0.08661,0.44851,0.07359,-0.10438,0.13098,0.49207
115,mask_home,0.20555,0.06298,0.29096,-0.01059,0.09661,0.37459
115,mask_conference,0.20910,0.31054,0.22632,-0.05559,0.08440,0.44899
116,mask_default,0.00000,0.00000,0.00000,0.00000,0.00000,0.00000
116,mask_work,0.08678,0.44829,0.07368,-0.10441,0.13102,0.49192
116,mask_home,0.20552,0.06310,0.29096,-0.01052,0.09662,0.37460
116,mask_conference,0.20908,0.31061,0.22629,-0.05552,0.08439,0.44901
117,mask_default,0.00000,0.00000,0.00000,0.00000,0.00000,0.00000
117,mask_work,0.08693,0.44807,0.07376,-0.10443,0.13106,0.49178
117,mask_home,0.20550,0.06323,0.29097,-0.01047,0.09663,0.37462
117,mask_conference,0.20906,0.31068,0.22626,-0.05547,0.08438,0.44902
118,mask_default,0.00000,0.00000,0.00000,0.00000,0.00000,0.00000
118,mask_work,0.08709,0.44784,0.07384,-0.10445,0.13109,0.49162
118,mask_home,0.20548,0.06334,0.29098,-0.01041,0.09664,0.37463
118,mask_conference,0.20903,0.31074,0.22623,-0.05541,0.08437,0.44902
119,mask_default,0.00000,0.00000,0.00000,0.00000,0.00000,0.00000
119,mask_work,0.08724,0.44762,0.07392,-0.10448,0.13113,0.49147
119,mask_home,0.20545,0.06343,0.29098,-0.01035,0.09665,0.37464
119,mask_conference,0.20899,0.31083,0.22619,-0.05535,0.08437,0.44904
120,mask_default,0.00000,0.00000,0.00000,0.00000,0.00000,0.00000
120,mask_work,0.08738,0.44739,0.07399,-0.10451,0.13117,0.49132
120,mask_home,0.20542,0.06352,0.29099,-0.01029,0.09667,0.37464
120,mask_conference,0.20895,0.31090,0.22616,-0.05529,0.08436,0.44905
